accession_id,run_file_type,extra_attributes,sample_accession_id,experiment_accession_id,submission_accession_id,created_at,edited_at
EGAR00001163305,fastq,,EGAN00001187748,EGAX00001158627,EGA00001134541,2014-01-23 23:02:30+01,2021-10-07 16:14:26+02
EGAR00001163306,fastq,,EGAN00001187749,EGAX00001158628,EGA00001134541,2014-01-23 23:02:31+01,2021-10-07 16:14:26+02
EGAR00001163307,fastq,,EGAN00001187750,EGAX00001158629,EGA00001134541,2014-01-23 23:02:32+01,2021-10-07 16:14:26+02
EGAR00001163308,fastq,,EGAN00001187751,EGAX00001158630,EGA00001134541,2014-01-23 23:02:33+01,2021-10-07 16:14:26+02
EGAR00001163309,fastq,,EGAN00001187752,EGAX00001158631,EGA00001134541,2014-01-23 23:02:34+01,2021-10-07 16:14:26+02
EGAR00001163310,fastq,,EGAN00001187753,EGAX00001158632,EGA00001134541,2014-01-23 23:02:35+01,2021-10-07 16:14:26+02
EGAR00001163311,fastq,,EGAN00001187754,EGAX00001158633,EGA00001134541,2014-01-23 23:02:37+01,2021-10-07 16:14:26+02
EGAR00001163312,fastq,,EGAN00001187755,EGAX00001158634,EGA00001134541,2014-01-23 23:02:37+01,2021-10-07 16:14:26+02
EGAR00001163313,fastq,,EGAN00001187756,EGAX00001158635,EGA00001134541,2014-01-23 23:02:38+01,2021-10-07 16:14:26+02
EGAR00001163314,fastq,,EGAN00001187757,EGAX00001158636,EGA00001134541,2014-01-23 23:02:39+01,2021-10-07 16:14:26+02
EGAR00001163315,fastq,,EGAN00001187758,EGAX00001158637,EGA00001134541,2014-01-23 23:02:40+01,2021-10-07 16:14:26+02
EGAR00001163316,fastq,,EGAN00001187759,EGAX00001158638,EGA00001134541,2014-01-23 23:02:41+01,2021-10-07 16:14:26+02
EGAR00001163317,fastq,,EGAN00001187760,EGAX00001158639,EGA00001134541,2014-01-23 23:02:42+01,2021-10-07 16:14:26+02
EGAR00001163318,fastq,,EGAN00001187761,EGAX00001158640,EGA00001134541,2014-01-23 23:02:43+01,2021-10-07 16:14:26+02
EGAR00001163319,fastq,,EGAN00001187762,EGAX00001158641,EGA00001134541,2014-01-23 23:02:44+01,2021-10-07 16:14:26+02
EGAR00001163320,fastq,,EGAN00001187763,EGAX00001158642,EGA00001134541,2014-01-23 23:02:45+01,2021-10-07 16:14:26+02
EGAR00001163321,fastq,,EGAN00001187764,EGAX00001158643,EGA00001134541,2014-01-23 23:02:46+01,2021-10-07 16:14:26+02
EGAR00001163322,fastq,,EGAN00001187765,EGAX00001158644,EGA00001134541,2014-01-23 23:02:47+01,2021-10-07 16:14:26+02
EGAR00001163323,fastq,,EGAN00001187766,EGAX00001158645,EGA00001134541,2014-01-23 23:02:48+01,2021-10-07 16:14:26+02
EGAR00001163324,fastq,,EGAN00001187767,EGAX00001158646,EGA00001134541,2014-01-23 23:02:49+01,2021-10-07 16:14:26+02
EGAR00001163325,fastq,,EGAN00001187768,EGAX00001158647,EGA00001134541,2014-01-23 23:02:50+01,2021-10-07 16:14:26+02
EGAR00001163326,fastq,,EGAN00001187769,EGAX00001158648,EGA00001134541,2014-01-23 23:02:51+01,2021-10-07 16:14:26+02
EGAR00001163327,fastq,,EGAN00001187770,EGAX00001158649,EGA00001134541,2014-01-23 23:02:53+01,2021-10-07 16:14:26+02
EGAR00001163328,fastq,,EGAN00001187771,EGAX00001158650,EGA00001134541,2014-01-23 23:02:54+01,2021-10-07 16:14:26+02
EGAR00001163329,fastq,,EGAN00001187772,EGAX00001158651,EGA00001134541,2014-01-23 23:02:55+01,2021-10-07 16:14:26+02
EGAR00001163330,fastq,,EGAN00001187773,EGAX00001158652,EGA00001134541,2014-01-23 23:02:56+01,2021-10-07 16:14:26+02
EGAR00001163331,fastq,,EGAN00001187774,EGAX00001158653,EGA00001134541,2014-01-23 23:02:57+01,2021-10-07 16:14:26+02
EGAR00001163332,fastq,,EGAN00001187775,EGAX00001158654,EGA00001134541,2014-01-23 23:02:58+01,2021-10-07 16:14:26+02
EGAR00001163333,fastq,,EGAN00001187776,EGAX00001158655,EGA00001134541,2014-01-23 23:02:59+01,2021-10-07 16:14:26+02
EGAR00001163334,fastq,,EGAN00001187777,EGAX00001158656,EGA00001134541,2014-01-23 23:03:00+01,2021-10-07 16:14:26+02
EGAR00001163335,fastq,,EGAN00001187778,EGAX00001158657,EGA00001134541,2014-01-23 23:03:01+01,2021-10-07 16:14:26+02
EGAR00001163336,fastq,,EGAN00001187779,EGAX00001158658,EGA00001134541,2014-01-23 23:03:02+01,2021-10-07 16:14:26+02
EGAR00001163337,fastq,,EGAN00001187780,EGAX00001158659,EGA00001134541,2014-01-23 23:03:03+01,2021-10-07 16:14:26+02
EGAR00001163338,fastq,,EGAN00001187781,EGAX00001158660,EGA00001134541,2014-01-23 23:03:04+01,2021-10-07 16:14:26+02
EGAR00001163339,fastq,,EGAN00001187782,EGAX00001158661,EGA00001134541,2014-01-23 23:03:05+01,2021-10-07 16:14:26+02
EGAR00001163340,fastq,,EGAN00001187783,EGAX00001158662,EGA00001134541,2014-01-23 23:03:06+01,2021-10-07 16:14:26+02
EGAR00001163341,fastq,,EGAN00001187784,EGAX00001158663,EGA00001134541,2014-01-23 23:03:07+01,2021-10-07 16:14:26+02
EGAR00001163342,fastq,,EGAN00001187785,EGAX00001158664,EGA00001134541,2014-01-23 23:03:08+01,2021-10-07 16:14:26+02
EGAR00001163343,fastq,,EGAN00001187786,EGAX00001158665,EGA00001134541,2014-01-23 23:03:09+01,2021-10-07 16:14:26+02
EGAR00001163344,fastq,,EGAN00001187787,EGAX00001158666,EGA00001134541,2014-01-23 23:03:10+01,2021-10-07 16:14:26+02
EGAR00001163345,fastq,,EGAN00001187788,EGAX00001158667,EGA00001134541,2014-01-23 23:03:11+01,2021-10-07 16:14:26+02
EGAR00001163346,fastq,,EGAN00001187789,EGAX00001158668,EGA00001134541,2014-01-23 23:03:12+01,2021-10-07 16:14:26+02
EGAR00001163347,fastq,,EGAN00001187790,EGAX00001158669,EGA00001134541,2014-01-23 23:03:13+01,2021-10-07 16:14:26+02
EGAR00001163348,fastq,,EGAN00001187791,EGAX00001158670,EGA00001134541,2014-01-23 23:03:14+01,2021-10-07 16:14:26+02
EGAR00001163349,fastq,,EGAN00001187792,EGAX00001158671,EGA00001134541,2014-01-23 23:03:15+01,2021-10-07 16:14:26+02
EGAR00001163350,fastq,,EGAN00001187793,EGAX00001158672,EGA00001134541,2014-01-23 23:03:16+01,2021-10-07 16:14:26+02
EGAR00001163351,fastq,,EGAN00001187794,EGAX00001158673,EGA00001134541,2014-01-23 23:03:18+01,2021-10-07 16:14:26+02
EGAR00001163352,fastq,,EGAN00001187795,EGAX00001158674,EGA00001134541,2014-01-23 23:03:19+01,2021-10-07 16:14:26+02
EGAR00001163353,fastq,,EGAN00001187796,EGAX00001158675,EGA00001134541,2014-01-23 23:03:20+01,2021-10-07 16:14:26+02
EGAR00001163354,fastq,,EGAN00001187797,EGAX00001158676,EGA00001134541,2014-01-23 23:03:21+01,2021-10-07 16:14:26+02
EGAR00001163355,fastq,,EGAN00001187798,EGAX00001158677,EGA00001134541,2014-01-23 23:03:22+01,2021-10-07 16:14:26+02
EGAR00001163356,fastq,,EGAN00001187799,EGAX00001158678,EGA00001134541,2014-01-23 23:03:23+01,2021-10-07 16:14:26+02
EGAR00001163357,fastq,,EGAN00001187800,EGAX00001158679,EGA00001134541,2014-01-23 23:03:24+01,2021-10-07 16:14:26+02
EGAR00001163358,fastq,,EGAN00001187801,EGAX00001158680,EGA00001134541,2014-01-23 23:03:25+01,2021-10-07 16:14:26+02
EGAR00001163359,fastq,,EGAN00001187802,EGAX00001158681,EGA00001134541,2014-01-23 23:03:26+01,2021-10-07 16:14:26+02
EGAR00001163360,fastq,,EGAN00001187803,EGAX00001158682,EGA00001134541,2014-01-23 23:03:27+01,2021-10-07 16:14:26+02
EGAR00001163361,fastq,,EGAN00001187804,EGAX00001158683,EGA00001134541,2014-01-23 23:03:28+01,2021-10-07 16:14:26+02
EGAR00001163362,fastq,,EGAN00001187805,EGAX00001158684,EGA00001134541,2014-01-23 23:03:30+01,2021-10-07 16:14:26+02
EGAR00001163363,fastq,,EGAN00001187806,EGAX00001158685,EGA00001134541,2014-01-23 23:03:31+01,2021-10-07 16:14:26+02
EGAR00001163364,fastq,,EGAN00001187807,EGAX00001158686,EGA00001134541,2014-01-23 23:03:31+01,2021-10-07 16:14:26+02
EGAR00001163365,fastq,,EGAN00001187808,EGAX00001158687,EGA00001134541,2014-01-23 23:03:33+01,2021-10-07 16:14:26+02
EGAR00001163366,fastq,,EGAN00001187809,EGAX00001158688,EGA00001134541,2014-01-23 23:03:34+01,2021-10-07 16:14:26+02
EGAR00001163367,fastq,,EGAN00001187810,EGAX00001158689,EGA00001134541,2014-01-23 23:03:34+01,2021-10-07 16:14:26+02
EGAR00001163368,fastq,,EGAN00001187811,EGAX00001158690,EGA00001134541,2014-01-23 23:03:35+01,2021-10-07 16:14:26+02
EGAR00001163369,fastq,,EGAN00001187812,EGAX00001158691,EGA00001134541,2014-01-23 23:03:36+01,2021-10-07 16:14:26+02
EGAR00001163370,fastq,,EGAN00001187813,EGAX00001158692,EGA00001134541,2014-01-23 23:03:38+01,2021-10-07 16:14:26+02
EGAR00001163371,fastq,,EGAN00001187814,EGAX00001158693,EGA00001134541,2014-01-23 23:03:39+01,2021-10-07 16:14:26+02
EGAR00001163372,fastq,,EGAN00001187815,EGAX00001158694,EGA00001134541,2014-01-23 23:03:40+01,2021-10-07 16:14:26+02
EGAR00001163373,fastq,,EGAN00001187816,EGAX00001158695,EGA00001134541,2014-01-23 23:03:40+01,2021-10-07 16:14:26+02
EGAR00001163374,fastq,,EGAN00001187817,EGAX00001158696,EGA00001134541,2014-01-23 23:03:41+01,2021-10-07 16:14:26+02
EGAR00001163375,fastq,,EGAN00001187818,EGAX00001158697,EGA00001134541,2014-01-23 23:03:42+01,2021-10-07 16:14:26+02
EGAR00001163376,fastq,,EGAN00001187819,EGAX00001158698,EGA00001134541,2014-01-23 23:03:44+01,2021-10-07 16:14:26+02
EGAR00001163377,fastq,,EGAN00001187820,EGAX00001158699,EGA00001134541,2014-01-23 23:03:45+01,2021-10-07 16:14:26+02
EGAR00001163378,fastq,,EGAN00001187821,EGAX00001158700,EGA00001134541,2014-01-23 23:03:46+01,2021-10-07 16:14:26+02
EGAR00001163379,fastq,,EGAN00001187822,EGAX00001158701,EGA00001134541,2014-01-23 23:03:49+01,2021-10-07 16:14:26+02
EGAR00001163380,fastq,,EGAN00001187823,EGAX00001158702,EGA00001134542,2014-01-23 23:11:54+01,2021-10-07 16:14:26+02
EGAR00001163381,fastq,,EGAN00001187824,EGAX00001158703,EGA00001134542,2014-01-23 23:11:54+01,2021-10-07 16:14:26+02
EGAR00001163382,fastq,,EGAN00001187825,EGAX00001158704,EGA00001134542,2014-01-23 23:11:55+01,2021-10-07 16:14:26+02
EGAR00001163383,fastq,,EGAN00001187826,EGAX00001158705,EGA00001134542,2014-01-23 23:11:56+01,2021-10-07 16:14:26+02
EGAR00001163384,fastq,,EGAN00001187827,EGAX00001158706,EGA00001134542,2014-01-23 23:11:56+01,2021-10-07 16:14:26+02
EGAR00001163385,fastq,,EGAN00001187828,EGAX00001158707,EGA00001134542,2014-01-23 23:11:57+01,2021-10-07 16:14:26+02
EGAR00001163386,fastq,,EGAN00001187829,EGAX00001158708,EGA00001134542,2014-01-23 23:11:58+01,2021-10-07 16:14:26+02
EGAR00001163387,fastq,,EGAN00001187830,EGAX00001158709,EGA00001134542,2014-01-23 23:11:59+01,2021-10-07 16:14:26+02
EGAR00001163388,fastq,,EGAN00001187831,EGAX00001158710,EGA00001134542,2014-01-23 23:11:59+01,2021-10-07 16:14:26+02
EGAR00001163389,fastq,,EGAN00001187832,EGAX00001158711,EGA00001134542,2014-01-23 23:12:00+01,2021-10-07 16:14:26+02
EGAR00001163390,fastq,,EGAN00001187833,EGAX00001158712,EGA00001134542,2014-01-23 23:12:01+01,2021-10-07 16:14:26+02
EGAR00001163391,fastq,,EGAN00001187834,EGAX00001158713,EGA00001134542,2014-01-23 23:12:01+01,2021-10-07 16:14:26+02
EGAR00001163392,fastq,,EGAN00001187835,EGAX00001158714,EGA00001134542,2014-01-23 23:12:02+01,2021-10-07 16:14:26+02
EGAR00001163393,fastq,,EGAN00001187836,EGAX00001158715,EGA00001134542,2014-01-23 23:12:03+01,2021-10-07 16:14:26+02
EGAR00001163394,fastq,,EGAN00001187837,EGAX00001158716,EGA00001134542,2014-01-23 23:12:03+01,2021-10-07 16:14:26+02
EGAR00001163395,fastq,,EGAN00001187838,EGAX00001158717,EGA00001134542,2014-01-23 23:12:04+01,2021-10-07 16:14:26+02
EGAR00001163396,fastq,,EGAN00001187839,EGAX00001158718,EGA00001134542,2014-01-23 23:12:05+01,2021-10-07 16:14:26+02
EGAR00001163397,fastq,,EGAN00001187840,EGAX00001158719,EGA00001134542,2014-01-23 23:12:06+01,2021-10-07 16:14:26+02
EGAR00001163398,fastq,,EGAN00001187841,EGAX00001158720,EGA00001134542,2014-01-23 23:12:07+01,2021-10-07 16:14:26+02
EGAR00001163399,fastq,,EGAN00001187842,EGAX00001158721,EGA00001134542,2014-01-23 23:12:08+01,2021-10-07 16:14:26+02
EGAR00001163400,fastq,,EGAN00001187843,EGAX00001158722,EGA00001134542,2014-01-23 23:12:09+01,2021-10-07 16:14:26+02
EGAR00001163401,fastq,,EGAN00001187844,EGAX00001158723,EGA00001134542,2014-01-23 23:12:09+01,2021-10-07 16:14:26+02
EGAR00001163402,fastq,,EGAN00001187845,EGAX00001158724,EGA00001134542,2014-01-23 23:12:10+01,2021-10-07 16:14:26+02
EGAR00001163403,fastq,,EGAN00001187846,EGAX00001158725,EGA00001134542,2014-01-23 23:12:11+01,2021-10-07 16:14:26+02
EGAR00001163404,fastq,,EGAN00001187847,EGAX00001158726,EGA00001134542,2014-01-23 23:12:12+01,2021-10-07 16:14:26+02
EGAR00001163405,fastq,,EGAN00001187848,EGAX00001158727,EGA00001134542,2014-01-23 23:12:13+01,2021-10-07 16:14:26+02
EGAR00001163406,fastq,,EGAN00001187849,EGAX00001158728,EGA00001134542,2014-01-23 23:12:13+01,2021-10-07 16:14:26+02
EGAR00001163407,fastq,,EGAN00001187850,EGAX00001158729,EGA00001134542,2014-01-23 23:12:14+01,2021-10-07 16:14:26+02
EGAR00001163408,fastq,,EGAN00001187851,EGAX00001158730,EGA00001134542,2014-01-23 23:12:15+01,2021-10-07 16:14:26+02
EGAR00001163409,fastq,,EGAN00001187852,EGAX00001158731,EGA00001134542,2014-01-23 23:12:15+01,2021-10-07 16:14:26+02
EGAR00001163410,fastq,,EGAN00001187853,EGAX00001158732,EGA00001134542,2014-01-23 23:12:16+01,2021-10-07 16:14:26+02
EGAR00001163411,fastq,,EGAN00001187854,EGAX00001158733,EGA00001134542,2014-01-23 23:12:17+01,2021-10-07 16:14:26+02
EGAR00001163412,fastq,,EGAN00001187855,EGAX00001158734,EGA00001134542,2014-01-23 23:12:18+01,2021-10-07 16:14:26+02
EGAR00001163413,fastq,,EGAN00001187857,EGAX00001158735,EGA00001134542,2014-01-23 23:12:19+01,2021-10-07 16:14:26+02
EGAR00001163414,fastq,,EGAN00001187858,EGAX00001158736,EGA00001134542,2014-01-23 23:12:20+01,2021-10-07 16:14:26+02
EGAR00001163415,fastq,,EGAN00001187859,EGAX00001158737,EGA00001134542,2014-01-23 23:12:20+01,2021-10-07 16:14:26+02
EGAR00001163416,fastq,,EGAN00001187860,EGAX00001158738,EGA00001134542,2014-01-23 23:12:21+01,2021-10-07 16:14:26+02
EGAR00001163417,fastq,,EGAN00001187861,EGAX00001158739,EGA00001134542,2014-01-23 23:12:22+01,2021-10-07 16:14:26+02
EGAR00001163418,fastq,,EGAN00001187862,EGAX00001158740,EGA00001134542,2014-01-23 23:12:23+01,2021-10-07 16:14:26+02
EGAR00001163419,fastq,,EGAN00001187863,EGAX00001158741,EGA00001134542,2014-01-23 23:12:24+01,2021-10-07 16:14:26+02
EGAR00001163420,fastq,,EGAN00001187864,EGAX00001158742,EGA00001134542,2014-01-23 23:12:24+01,2021-10-07 16:14:26+02
EGAR00001163421,fastq,,EGAN00001187865,EGAX00001158743,EGA00001134542,2014-01-23 23:12:25+01,2021-10-07 16:14:26+02
EGAR00001163422,fastq,,EGAN00001187866,EGAX00001158744,EGA00001134542,2014-01-23 23:12:26+01,2021-10-07 16:14:26+02
EGAR00001163423,fastq,,EGAN00001187867,EGAX00001158745,EGA00001134542,2014-01-23 23:12:26+01,2021-10-07 16:14:26+02
EGAR00001163424,fastq,,EGAN00001187868,EGAX00001158746,EGA00001134542,2014-01-23 23:12:27+01,2021-10-07 16:14:26+02
EGAR00001163425,fastq,,EGAN00001187869,EGAX00001158747,EGA00001134542,2014-01-23 23:12:28+01,2021-10-07 16:14:26+02
EGAR00001163426,fastq,,EGAN00001187870,EGAX00001158748,EGA00001134542,2014-01-23 23:12:29+01,2021-10-07 16:14:26+02
EGAR00001163427,fastq,,EGAN00001187871,EGAX00001158749,EGA00001134542,2014-01-23 23:12:29+01,2021-10-07 16:14:26+02
EGAR00001163428,fastq,,EGAN00001187872,EGAX00001158750,EGA00001134542,2014-01-23 23:12:30+01,2021-10-07 16:14:26+02
EGAR00001163429,fastq,,EGAN00001187873,EGAX00001158751,EGA00001134542,2014-01-23 23:12:31+01,2021-10-07 16:14:26+02
EGAR00001163430,fastq,,EGAN00001187874,EGAX00001158752,EGA00001134542,2014-01-23 23:12:32+01,2021-10-07 16:14:26+02
EGAR00001163431,fastq,,EGAN00001187875,EGAX00001158753,EGA00001134542,2014-01-23 23:12:33+01,2021-10-07 16:14:26+02
EGAR00001163432,fastq,,EGAN00001187876,EGAX00001158754,EGA00001134542,2014-01-23 23:12:33+01,2021-10-07 16:14:26+02
EGAR00001163433,fastq,,EGAN00001187877,EGAX00001158755,EGA00001134542,2014-01-23 23:12:34+01,2021-10-07 16:14:26+02
EGAR00001163434,fastq,,EGAN00001187878,EGAX00001158756,EGA00001134542,2014-01-23 23:12:35+01,2021-10-07 16:14:26+02
EGAR00001163435,fastq,,EGAN00001187879,EGAX00001158757,EGA00001134542,2014-01-23 23:12:35+01,2021-10-07 16:14:26+02
EGAR00001163436,fastq,,EGAN00001187880,EGAX00001158758,EGA00001134542,2014-01-23 23:12:36+01,2021-10-07 16:14:26+02
EGAR00001163437,fastq,,EGAN00001187881,EGAX00001158759,EGA00001134542,2014-01-23 23:12:37+01,2021-10-07 16:14:26+02
EGAR00001163438,fastq,,EGAN00001187882,EGAX00001158760,EGA00001134542,2014-01-23 23:12:37+01,2021-10-07 16:14:26+02
EGAR00001163439,fastq,,EGAN00001187883,EGAX00001158761,EGA00001134542,2014-01-23 23:12:38+01,2021-10-07 16:14:26+02
EGAR00001163440,fastq,,EGAN00001187884,EGAX00001158762,EGA00001134542,2014-01-23 23:12:39+01,2021-10-07 16:14:26+02
EGAR00001163441,fastq,,EGAN00001187885,EGAX00001158763,EGA00001134542,2014-01-23 23:12:39+01,2021-10-07 16:14:26+02
EGAR00001163442,fastq,,EGAN00001187886,EGAX00001158764,EGA00001134542,2014-01-23 23:12:40+01,2021-10-07 16:14:26+02
EGAR00001163443,fastq,,EGAN00001187887,EGAX00001158765,EGA00001134542,2014-01-23 23:12:41+01,2021-10-07 16:14:26+02
EGAR00001163444,fastq,,EGAN00001187888,EGAX00001158766,EGA00001134542,2014-01-23 23:12:42+01,2021-10-07 16:14:26+02
EGAR00001163445,fastq,,EGAN00001187889,EGAX00001158767,EGA00001134542,2014-01-23 23:12:43+01,2021-10-07 16:14:26+02
EGAR00001163446,fastq,,EGAN00001187890,EGAX00001158768,EGA00001134542,2014-01-23 23:12:44+01,2021-10-07 16:14:26+02
EGAR00001163447,fastq,,EGAN00001187891,EGAX00001158769,EGA00001134542,2014-01-23 23:12:44+01,2021-10-07 16:14:26+02
EGAR00001163448,fastq,,EGAN00001187892,EGAX00001158770,EGA00001134542,2014-01-23 23:12:45+01,2021-10-07 16:14:26+02
EGAR00001163449,fastq,,EGAN00001187893,EGAX00001158771,EGA00001134542,2014-01-23 23:12:46+01,2021-10-07 16:14:26+02
EGAR00001163450,fastq,,EGAN00001187894,EGAX00001158772,EGA00001134542,2014-01-23 23:12:46+01,2021-10-07 16:14:26+02
EGAR00001163451,fastq,,EGAN00001187895,EGAX00001158773,EGA00001134542,2014-01-23 23:12:47+01,2021-10-07 16:14:26+02
EGAR00001163452,fastq,,EGAN00001187896,EGAX00001158774,EGA00001134542,2014-01-23 23:12:48+01,2021-10-07 16:14:26+02
EGAR00001163453,fastq,,EGAN00001187897,EGAX00001158775,EGA00001134542,2014-01-23 23:12:49+01,2021-10-07 16:14:26+02
EGAR00001163454,fastq,,EGAN00001187898,EGAX00001158776,EGA00001134543,2014-01-23 23:16:50+01,2021-10-07 16:14:26+02
EGAR00001163455,fastq,,EGAN00001187899,EGAX00001158777,EGA00001134543,2014-01-23 23:16:51+01,2021-10-07 16:14:26+02
EGAR00001163456,fastq,,EGAN00001187900,EGAX00001158778,EGA00001134543,2014-01-23 23:16:51+01,2021-10-07 16:14:26+02
EGAR00001163457,fastq,,EGAN00001187901,EGAX00001158779,EGA00001134543,2014-01-23 23:16:52+01,2021-10-07 16:14:26+02
EGAR00001163458,fastq,,EGAN00001187902,EGAX00001158780,EGA00001134543,2014-01-23 23:16:53+01,2021-10-07 16:14:26+02
EGAR00001163459,fastq,,EGAN00001187903,EGAX00001158781,EGA00001134543,2014-01-23 23:16:54+01,2021-10-07 16:14:26+02
EGAR00001163460,fastq,,EGAN00001187904,EGAX00001158782,EGA00001134543,2014-01-23 23:16:54+01,2021-10-07 16:14:26+02
EGAR00001163461,fastq,,EGAN00001187905,EGAX00001158783,EGA00001134543,2014-01-23 23:16:55+01,2021-10-07 16:14:26+02
EGAR00001163462,fastq,,EGAN00001187906,EGAX00001158784,EGA00001134543,2014-01-23 23:16:56+01,2021-10-07 16:14:26+02
EGAR00001163463,fastq,,EGAN00001187907,EGAX00001158785,EGA00001134543,2014-01-23 23:16:56+01,2021-10-07 16:14:26+02
EGAR00001163464,fastq,,EGAN00001187908,EGAX00001158786,EGA00001134543,2014-01-23 23:16:57+01,2021-10-07 16:14:26+02
EGAR00001163465,fastq,,EGAN00001187909,EGAX00001158787,EGA00001134543,2014-01-23 23:16:58+01,2021-10-07 16:14:26+02
EGAR00001163466,fastq,,EGAN00001187910,EGAX00001158788,EGA00001134543,2014-01-23 23:16:58+01,2021-10-07 16:14:26+02
EGAR00001163467,fastq,,EGAN00001187911,EGAX00001158789,EGA00001134543,2014-01-23 23:16:59+01,2021-10-07 16:14:26+02
EGAR00001163468,fastq,,EGAN00001187912,EGAX00001158790,EGA00001134543,2014-01-23 23:17:00+01,2021-10-07 16:14:26+02
EGAR00001163469,fastq,,EGAN00001187913,EGAX00001158791,EGA00001134543,2014-01-23 23:17:00+01,2021-10-07 16:14:26+02
EGAR00001163470,fastq,,EGAN00001187914,EGAX00001158792,EGA00001134543,2014-01-23 23:17:01+01,2021-10-07 16:14:26+02
EGAR00001163471,fastq,,EGAN00001187915,EGAX00001158793,EGA00001134543,2014-01-23 23:17:02+01,2021-10-07 16:14:26+02
EGAR00001163472,fastq,,EGAN00001187916,EGAX00001158794,EGA00001134543,2014-01-23 23:17:02+01,2021-10-07 16:14:26+02
EGAR00001163473,fastq,,EGAN00001187917,EGAX00001158795,EGA00001134543,2014-01-23 23:17:03+01,2021-10-07 16:14:26+02
EGAR00001163474,fastq,,EGAN00001187918,EGAX00001158796,EGA00001134543,2014-01-23 23:17:03+01,2021-10-07 16:14:26+02
EGAR00001163475,fastq,,EGAN00001187919,EGAX00001158797,EGA00001134543,2014-01-23 23:17:04+01,2021-10-07 16:14:26+02
EGAR00001163476,fastq,,EGAN00001187920,EGAX00001158798,EGA00001134543,2014-01-23 23:17:04+01,2021-10-07 16:14:26+02
EGAR00001163477,fastq,,EGAN00001187921,EGAX00001158799,EGA00001134543,2014-01-23 23:17:05+01,2021-10-07 16:14:26+02
EGAR00001163478,fastq,,EGAN00001187922,EGAX00001158800,EGA00001134543,2014-01-23 23:17:06+01,2021-10-07 16:14:26+02
EGAR00001163479,fastq,,EGAN00001187923,EGAX00001158801,EGA00001134543,2014-01-23 23:17:07+01,2021-10-07 16:14:26+02
EGAR00001163480,fastq,,EGAN00001187924,EGAX00001158802,EGA00001134543,2014-01-23 23:17:08+01,2021-10-07 16:14:26+02
EGAR00001163481,fastq,,EGAN00001187925,EGAX00001158803,EGA00001134543,2014-01-23 23:17:08+01,2021-10-07 16:14:26+02
EGAR00001163482,fastq,,EGAN00001187926,EGAX00001158804,EGA00001134543,2014-01-23 23:17:09+01,2021-10-07 16:14:26+02
EGAR00001163483,fastq,,EGAN00001187927,EGAX00001158805,EGA00001134543,2014-01-23 23:17:10+01,2021-10-07 16:14:26+02
EGAR00001163484,fastq,,EGAN00001187928,EGAX00001158806,EGA00001134543,2014-01-23 23:17:11+01,2021-10-07 16:14:26+02
EGAR00001163485,fastq,,EGAN00001187929,EGAX00001158807,EGA00001134543,2014-01-23 23:17:12+01,2021-10-07 16:14:26+02
EGAR00001163486,fastq,,EGAN00001187930,EGAX00001158808,EGA00001134543,2014-01-23 23:17:12+01,2021-10-07 16:14:26+02
EGAR00001163487,fastq,,EGAN00001187931,EGAX00001158809,EGA00001134543,2014-01-23 23:17:13+01,2021-10-07 16:14:26+02
EGAR00001163488,fastq,,EGAN00001187932,EGAX00001158810,EGA00001134543,2014-01-23 23:17:14+01,2021-10-07 16:14:26+02
EGAR00001163489,fastq,,EGAN00001187933,EGAX00001158811,EGA00001134543,2014-01-23 23:17:14+01,2021-10-07 16:14:26+02
EGAR00001163490,fastq,,EGAN00001187934,EGAX00001158812,EGA00001134543,2014-01-23 23:17:15+01,2021-10-07 16:14:26+02
EGAR00001163491,fastq,,EGAN00001187935,EGAX00001158813,EGA00001134543,2014-01-23 23:17:16+01,2021-10-07 16:14:26+02
EGAR00001163492,fastq,,EGAN00001187936,EGAX00001158814,EGA00001134543,2014-01-23 23:17:17+01,2021-10-07 16:14:26+02
EGAR00001163493,fastq,,EGAN00001187937,EGAX00001158815,EGA00001134543,2014-01-23 23:17:18+01,2021-10-07 16:14:26+02
EGAR00001163494,fastq,,EGAN00001187938,EGAX00001158816,EGA00001134543,2014-01-23 23:17:18+01,2021-10-07 16:14:26+02
EGAR00001163495,fastq,,EGAN00001187939,EGAX00001158817,EGA00001134543,2014-01-23 23:17:19+01,2021-10-07 16:14:26+02
EGAR00001163496,fastq,,EGAN00001187940,EGAX00001158818,EGA00001134543,2014-01-23 23:17:20+01,2021-10-07 16:14:26+02
EGAR00001163497,fastq,,EGAN00001187941,EGAX00001158819,EGA00001134543,2014-01-23 23:17:21+01,2021-10-07 16:14:26+02
EGAR00001163498,fastq,,EGAN00001187942,EGAX00001158820,EGA00001134543,2014-01-23 23:17:22+01,2021-10-07 16:14:26+02
EGAR00001163499,fastq,,EGAN00001187943,EGAX00001158821,EGA00001134543,2014-01-23 23:17:22+01,2021-10-07 16:14:26+02
EGAR00001163500,fastq,,EGAN00001187944,EGAX00001158822,EGA00001134543,2014-01-23 23:17:23+01,2021-10-07 16:14:26+02
EGAR00001163501,fastq,,EGAN00001187945,EGAX00001158823,EGA00001134543,2014-01-23 23:17:24+01,2021-10-07 16:14:26+02
EGAR00001163502,fastq,,EGAN00001187946,EGAX00001158824,EGA00001134543,2014-01-23 23:17:24+01,2021-10-07 16:14:26+02
EGAR00001163503,fastq,,EGAN00001187947,EGAX00001158825,EGA00001134543,2014-01-23 23:17:25+01,2021-10-07 16:14:26+02
EGAR00001163504,fastq,,EGAN00001187948,EGAX00001158826,EGA00001134543,2014-01-23 23:17:25+01,2021-10-07 16:14:26+02
EGAR00001163505,fastq,,EGAN00001187949,EGAX00001158827,EGA00001134543,2014-01-23 23:17:26+01,2021-10-07 16:14:26+02
EGAR00001163506,fastq,,EGAN00001187950,EGAX00001158828,EGA00001134543,2014-01-23 23:17:28+01,2021-10-07 16:14:26+02
EGAR00001163507,fastq,,EGAN00001187951,EGAX00001158829,EGA00001134543,2014-01-23 23:17:29+01,2021-10-07 16:14:26+02
EGAR00001163508,fastq,,EGAN00001187952,EGAX00001158830,EGA00001134543,2014-01-23 23:17:30+01,2021-10-07 16:14:26+02
EGAR00001163509,fastq,,EGAN00001187953,EGAX00001158831,EGA00001134543,2014-01-23 23:17:30+01,2021-10-07 16:14:26+02
EGAR00001163510,fastq,,EGAN00001187954,EGAX00001158832,EGA00001134543,2014-01-23 23:17:31+01,2021-10-07 16:14:26+02
EGAR00001163511,fastq,,EGAN00001187955,EGAX00001158833,EGA00001134543,2014-01-23 23:17:31+01,2021-10-07 16:14:26+02
EGAR00001163512,fastq,,EGAN00001187956,EGAX00001158834,EGA00001134543,2014-01-23 23:17:33+01,2021-10-07 16:14:26+02
EGAR00001163513,fastq,,EGAN00001187957,EGAX00001158835,EGA00001134543,2014-01-23 23:17:34+01,2021-10-07 16:14:26+02
EGAR00001163514,fastq,,EGAN00001187958,EGAX00001158836,EGA00001134543,2014-01-23 23:17:34+01,2021-10-07 16:14:26+02
EGAR00001163515,fastq,,EGAN00001187959,EGAX00001158837,EGA00001134543,2014-01-23 23:17:35+01,2021-10-07 16:14:26+02
EGAR00001163516,fastq,,EGAN00001187960,EGAX00001158838,EGA00001134543,2014-01-23 23:17:35+01,2021-10-07 16:14:26+02
EGAR00001163517,fastq,,EGAN00001187961,EGAX00001158839,EGA00001134543,2014-01-23 23:17:36+01,2021-10-07 16:14:26+02
EGAR00001163518,fastq,,EGAN00001187962,EGAX00001158840,EGA00001134543,2014-01-23 23:17:37+01,2021-10-07 16:14:26+02
EGAR00001163519,fastq,,EGAN00001187963,EGAX00001158841,EGA00001134543,2014-01-23 23:17:37+01,2021-10-07 16:14:26+02
EGAR00001163520,fastq,,EGAN00001187964,EGAX00001158842,EGA00001134543,2014-01-23 23:17:38+01,2021-10-07 16:14:26+02
EGAR00001163521,fastq,,EGAN00001187965,EGAX00001158843,EGA00001134543,2014-01-23 23:17:39+01,2021-10-07 16:14:26+02
EGAR00001163522,fastq,,EGAN00001187966,EGAX00001158844,EGA00001134543,2014-01-23 23:17:40+01,2021-10-07 16:14:26+02
EGAR00001163523,fastq,,EGAN00001187967,EGAX00001158845,EGA00001134543,2014-01-23 23:17:40+01,2021-10-07 16:14:26+02
EGAR00001163524,fastq,,EGAN00001187968,EGAX00001158846,EGA00001134543,2014-01-23 23:17:41+01,2021-10-07 16:14:26+02
EGAR00001163525,fastq,,EGAN00001187969,EGAX00001158847,EGA00001134543,2014-01-23 23:17:42+01,2021-10-07 16:14:26+02
EGAR00001163526,fastq,,EGAN00001187970,EGAX00001158848,EGA00001134543,2014-01-23 23:17:43+01,2021-10-07 16:14:26+02
EGAR00001163527,fastq,,EGAN00001187971,EGAX00001158849,EGA00001134543,2014-01-23 23:17:45+01,2021-10-07 16:14:26+02
EGAR00001163528,fastq,,EGAN00001187972,EGAX00001158850,EGA00001134543,2014-01-23 23:17:46+01,2021-10-07 16:14:26+02
EGAR00001163529,fastq,,EGAN00001187973,EGAX00001158851,EGA00001134544,2014-01-23 23:20:12+01,2021-10-07 16:14:26+02
EGAR00001163530,fastq,,EGAN00001187974,EGAX00001158852,EGA00001134544,2014-01-23 23:20:13+01,2021-10-07 16:14:26+02
EGAR00001163531,fastq,,EGAN00001187975,EGAX00001158853,EGA00001134544,2014-01-23 23:20:14+01,2021-10-07 16:14:26+02
EGAR00001163532,fastq,,EGAN00001187976,EGAX00001158854,EGA00001134544,2014-01-23 23:20:15+01,2021-10-07 16:14:26+02
EGAR00001163533,fastq,,EGAN00001187977,EGAX00001158855,EGA00001134544,2014-01-23 23:20:15+01,2021-10-07 16:14:26+02
EGAR00001163534,fastq,,EGAN00001187978,EGAX00001158856,EGA00001134544,2014-01-23 23:20:16+01,2021-10-07 16:14:26+02
EGAR00001163535,fastq,,EGAN00001187979,EGAX00001158857,EGA00001134544,2014-01-23 23:20:17+01,2021-10-07 16:14:26+02
EGAR00001163536,fastq,,EGAN00001187980,EGAX00001158858,EGA00001134544,2014-01-23 23:20:17+01,2021-10-07 16:14:26+02
EGAR00001163537,fastq,,EGAN00001187981,EGAX00001158859,EGA00001134544,2014-01-23 23:20:18+01,2021-10-07 16:14:26+02
EGAR00001163538,fastq,,EGAN00001187982,EGAX00001158860,EGA00001134544,2014-01-23 23:20:19+01,2021-10-07 16:14:26+02
EGAR00001163539,fastq,,EGAN00001187983,EGAX00001158861,EGA00001134544,2014-01-23 23:20:20+01,2021-10-07 16:14:26+02
EGAR00001163540,fastq,,EGAN00001187984,EGAX00001158862,EGA00001134544,2014-01-23 23:20:20+01,2021-10-07 16:14:26+02
EGAR00001163541,fastq,,EGAN00001187985,EGAX00001158863,EGA00001134544,2014-01-23 23:20:21+01,2021-10-07 16:14:26+02
EGAR00001163542,fastq,,EGAN00001187986,EGAX00001158864,EGA00001134544,2014-01-23 23:20:22+01,2021-10-07 16:14:26+02
EGAR00001163543,fastq,,EGAN00001187987,EGAX00001158865,EGA00001134544,2014-01-23 23:20:23+01,2021-10-07 16:14:26+02
EGAR00001163544,fastq,,EGAN00001187988,EGAX00001158866,EGA00001134544,2014-01-23 23:20:24+01,2021-10-07 16:14:26+02
EGAR00001163545,fastq,,EGAN00001187989,EGAX00001158867,EGA00001134544,2014-01-23 23:20:24+01,2021-10-07 16:14:26+02
EGAR00001163546,fastq,,EGAN00001187990,EGAX00001158868,EGA00001134544,2014-01-23 23:20:25+01,2021-10-07 16:14:26+02
EGAR00001163547,fastq,,EGAN00001187991,EGAX00001158869,EGA00001134544,2014-01-23 23:20:28+01,2021-10-07 16:14:26+02
EGAR00001163548,fastq,,EGAN00001187992,EGAX00001158870,EGA00001134544,2014-01-23 23:20:29+01,2021-10-07 16:14:26+02
EGAR00001163549,fastq,,EGAN00001187993,EGAX00001158871,EGA00001134544,2014-01-23 23:20:30+01,2021-10-07 16:14:26+02
EGAR00001163550,fastq,,EGAN00001187994,EGAX00001158872,EGA00001134544,2014-01-23 23:20:31+01,2021-10-07 16:14:26+02
EGAR00001163551,fastq,,EGAN00001187995,EGAX00001158873,EGA00001134544,2014-01-23 23:20:31+01,2021-10-07 16:14:26+02
EGAR00001163552,fastq,,EGAN00001187996,EGAX00001158874,EGA00001134544,2014-01-23 23:20:32+01,2021-10-07 16:14:26+02
EGAR00001163553,fastq,,EGAN00001187997,EGAX00001158875,EGA00001134544,2014-01-23 23:20:33+01,2021-10-07 16:14:26+02
EGAR00001163554,fastq,,EGAN00001187998,EGAX00001158876,EGA00001134544,2014-01-23 23:20:34+01,2021-10-07 16:14:26+02
EGAR00001163555,fastq,,EGAN00001187999,EGAX00001158877,EGA00001134544,2014-01-23 23:20:35+01,2021-10-07 16:14:26+02
EGAR00001163556,fastq,,EGAN00001188000,EGAX00001158878,EGA00001134544,2014-01-23 23:20:36+01,2021-10-07 16:14:26+02
EGAR00001163557,fastq,,EGAN00001188001,EGAX00001158879,EGA00001134544,2014-01-23 23:20:37+01,2021-10-07 16:14:26+02
EGAR00001163558,fastq,,EGAN00001188002,EGAX00001158880,EGA00001134544,2014-01-23 23:20:37+01,2021-10-07 16:14:26+02
EGAR00001163559,fastq,,EGAN00001188003,EGAX00001158881,EGA00001134544,2014-01-23 23:20:38+01,2021-10-07 16:14:26+02
EGAR00001163560,fastq,,EGAN00001188004,EGAX00001158882,EGA00001134544,2014-01-23 23:20:39+01,2021-10-07 16:14:26+02
EGAR00001163561,fastq,,EGAN00001188005,EGAX00001158883,EGA00001134544,2014-01-23 23:20:39+01,2021-10-07 16:14:26+02
EGAR00001163562,fastq,,EGAN00001188006,EGAX00001158884,EGA00001134544,2014-01-23 23:20:41+01,2021-10-07 16:14:26+02
EGAR00001163563,fastq,,EGAN00001188007,EGAX00001158885,EGA00001134544,2014-01-23 23:20:41+01,2021-10-07 16:14:26+02
EGAR00001163564,fastq,,EGAN00001188008,EGAX00001158886,EGA00001134544,2014-01-23 23:20:42+01,2021-10-07 16:14:26+02
EGAR00001163565,fastq,,EGAN00001188009,EGAX00001158887,EGA00001134544,2014-01-23 23:20:43+01,2021-10-07 16:14:26+02
EGAR00001163566,fastq,,EGAN00001188010,EGAX00001158888,EGA00001134544,2014-01-23 23:20:44+01,2021-10-07 16:14:26+02
EGAR00001163567,fastq,,EGAN00001188011,EGAX00001158889,EGA00001134544,2014-01-23 23:20:45+01,2021-10-07 16:14:26+02
EGAR00001163568,fastq,,EGAN00001188012,EGAX00001158890,EGA00001134544,2014-01-23 23:20:46+01,2021-10-07 16:14:26+02
EGAR00001163569,fastq,,EGAN00001188013,EGAX00001158891,EGA00001134544,2014-01-23 23:20:46+01,2021-10-07 16:14:26+02
EGAR00001163570,fastq,,EGAN00001188014,EGAX00001158892,EGA00001134544,2014-01-23 23:20:47+01,2021-10-07 16:14:26+02
EGAR00001163571,fastq,,EGAN00001188015,EGAX00001158893,EGA00001134544,2014-01-23 23:20:47+01,2021-10-07 16:14:26+02
EGAR00001163572,fastq,,EGAN00001188016,EGAX00001158894,EGA00001134544,2014-01-23 23:20:48+01,2021-10-07 16:14:26+02
EGAR00001163573,fastq,,EGAN00001188017,EGAX00001158895,EGA00001134544,2014-01-23 23:20:49+01,2021-10-07 16:14:26+02
EGAR00001163574,fastq,,EGAN00001188018,EGAX00001158896,EGA00001134544,2014-01-23 23:20:50+01,2021-10-07 16:14:26+02
EGAR00001163575,fastq,,EGAN00001188019,EGAX00001158897,EGA00001134544,2014-01-23 23:20:51+01,2021-10-07 16:14:26+02
EGAR00001163576,fastq,,EGAN00001188020,EGAX00001158898,EGA00001134544,2014-01-23 23:20:51+01,2021-10-07 16:14:26+02
EGAR00001163577,fastq,,EGAN00001188021,EGAX00001158899,EGA00001134544,2014-01-23 23:20:52+01,2021-10-07 16:14:26+02
EGAR00001163578,fastq,,EGAN00001188022,EGAX00001158900,EGA00001134544,2014-01-23 23:20:52+01,2021-10-07 16:14:26+02
EGAR00001163579,fastq,,EGAN00001188023,EGAX00001158901,EGA00001134544,2014-01-23 23:20:53+01,2021-10-07 16:14:26+02
EGAR00001163580,fastq,,EGAN00001188024,EGAX00001158902,EGA00001134544,2014-01-23 23:20:54+01,2021-10-07 16:14:26+02
EGAR00001163581,fastq,,EGAN00001188025,EGAX00001158903,EGA00001134544,2014-01-23 23:20:55+01,2021-10-07 16:14:26+02
EGAR00001163582,fastq,,EGAN00001188026,EGAX00001158904,EGA00001134544,2014-01-23 23:20:55+01,2021-10-07 16:14:26+02
EGAR00001163583,fastq,,EGAN00001188027,EGAX00001158905,EGA00001134544,2014-01-23 23:20:56+01,2021-10-07 16:14:26+02
EGAR00001163584,fastq,,EGAN00001188028,EGAX00001158906,EGA00001134544,2014-01-23 23:20:57+01,2021-10-07 16:14:26+02
EGAR00001163585,fastq,,EGAN00001188029,EGAX00001158907,EGA00001134544,2014-01-23 23:20:58+01,2021-10-07 16:14:26+02
EGAR00001163586,fastq,,EGAN00001188030,EGAX00001158908,EGA00001134544,2014-01-23 23:20:59+01,2021-10-07 16:14:26+02
EGAR00001163587,fastq,,EGAN00001188031,EGAX00001158909,EGA00001134544,2014-01-23 23:20:59+01,2021-10-07 16:14:26+02
EGAR00001163588,fastq,,EGAN00001188032,EGAX00001158910,EGA00001134544,2014-01-23 23:21:01+01,2021-10-07 16:14:26+02
EGAR00001163589,fastq,,EGAN00001188033,EGAX00001158911,EGA00001134544,2014-01-23 23:21:01+01,2021-10-07 16:14:26+02
EGAR00001163590,fastq,,EGAN00001188034,EGAX00001158912,EGA00001134544,2014-01-23 23:21:02+01,2021-10-07 16:14:26+02
EGAR00001163591,fastq,,EGAN00001188035,EGAX00001158913,EGA00001134544,2014-01-23 23:21:03+01,2021-10-07 16:14:26+02
EGAR00001163592,fastq,,EGAN00001188036,EGAX00001158914,EGA00001134544,2014-01-23 23:21:03+01,2021-10-07 16:14:26+02
EGAR00001163593,fastq,,EGAN00001188037,EGAX00001158915,EGA00001134544,2014-01-23 23:21:04+01,2021-10-07 16:14:26+02
EGAR00001163594,fastq,,EGAN00001188038,EGAX00001158916,EGA00001134544,2014-01-23 23:21:04+01,2021-10-07 16:14:26+02
EGAR00001163595,fastq,,EGAN00001188039,EGAX00001158917,EGA00001134544,2014-01-23 23:21:05+01,2021-10-07 16:14:26+02
EGAR00001163596,fastq,,EGAN00001188040,EGAX00001158918,EGA00001134544,2014-01-23 23:21:06+01,2021-10-07 16:14:26+02
EGAR00001163597,fastq,,EGAN00001188041,EGAX00001158919,EGA00001134544,2014-01-23 23:21:06+01,2021-10-07 16:14:26+02
EGAR00001163598,fastq,,EGAN00001188042,EGAX00001158920,EGA00001134544,2014-01-23 23:21:07+01,2021-10-07 16:14:26+02
EGAR00001163599,fastq,,EGAN00001188043,EGAX00001158921,EGA00001134544,2014-01-23 23:21:08+01,2021-10-07 16:14:26+02
EGAR00001163600,fastq,,EGAN00001188044,EGAX00001158922,EGA00001134544,2014-01-23 23:21:09+01,2021-10-07 16:14:26+02
EGAR00001163601,fastq,,EGAN00001188045,EGAX00001158923,EGA00001134544,2014-01-23 23:21:10+01,2021-10-07 16:14:26+02
EGAR00001163602,fastq,,EGAN00001188046,EGAX00001158924,EGA00001134544,2014-01-23 23:21:11+01,2021-10-07 16:14:26+02
EGAR00001163603,fastq,,EGAN00001188047,EGAX00001158925,EGA00001134544,2014-01-23 23:21:11+01,2021-10-07 16:14:26+02
EGAR00001163604,fastq,,EGAN00001188048,EGAX00001158926,EGA00001134545,2014-01-24 01:08:51+01,2021-10-07 16:14:26+02
EGAR00001163605,fastq,,EGAN00001188049,EGAX00001158927,EGA00001134545,2014-01-24 01:08:52+01,2021-10-07 16:14:26+02
EGAR00001163606,fastq,,EGAN00001188050,EGAX00001158928,EGA00001134545,2014-01-24 01:08:53+01,2021-10-07 16:14:26+02
EGAR00001163607,fastq,,EGAN00001188051,EGAX00001158929,EGA00001134545,2014-01-24 01:08:54+01,2021-10-07 16:14:26+02
EGAR00001163608,fastq,,EGAN00001188052,EGAX00001158930,EGA00001134545,2014-01-24 01:08:55+01,2021-10-07 16:14:26+02
EGAR00001163609,fastq,,EGAN00001188053,EGAX00001158931,EGA00001134545,2014-01-24 01:08:56+01,2021-10-07 16:14:26+02
EGAR00001163610,fastq,,EGAN00001188054,EGAX00001158932,EGA00001134545,2014-01-24 01:08:57+01,2021-10-07 16:14:26+02
EGAR00001163611,fastq,,EGAN00001188055,EGAX00001158933,EGA00001134545,2014-01-24 01:08:57+01,2021-10-07 16:14:26+02
EGAR00001163612,fastq,,EGAN00001188056,EGAX00001158934,EGA00001134545,2014-01-24 01:08:59+01,2021-10-07 16:14:26+02
EGAR00001163613,fastq,,EGAN00001188057,EGAX00001158935,EGA00001134545,2014-01-24 01:09:00+01,2021-10-07 16:14:26+02
EGAR00001163614,fastq,,EGAN00001188058,EGAX00001158936,EGA00001134545,2014-01-24 01:09:01+01,2021-10-07 16:14:26+02
EGAR00001163615,fastq,,EGAN00001188059,EGAX00001158937,EGA00001134545,2014-01-24 01:09:03+01,2021-10-07 16:14:26+02
EGAR00001163616,fastq,,EGAN00001188060,EGAX00001158938,EGA00001134545,2014-01-24 01:09:04+01,2021-10-07 16:14:26+02
EGAR00001163617,fastq,,EGAN00001188061,EGAX00001158939,EGA00001134545,2014-01-24 01:09:04+01,2021-10-07 16:14:26+02
EGAR00001163618,fastq,,EGAN00001188062,EGAX00001158940,EGA00001134545,2014-01-24 01:09:06+01,2021-10-07 16:14:26+02
EGAR00001163619,fastq,,EGAN00001188063,EGAX00001158941,EGA00001134545,2014-01-24 01:09:07+01,2021-10-07 16:14:26+02
EGAR00001163620,fastq,,EGAN00001188064,EGAX00001158942,EGA00001134545,2014-01-24 01:09:08+01,2021-10-07 16:14:26+02
EGAR00001163621,fastq,,EGAN00001188065,EGAX00001158943,EGA00001134545,2014-01-24 01:09:09+01,2021-10-07 16:14:26+02
EGAR00001163622,fastq,,EGAN00001188066,EGAX00001158944,EGA00001134545,2014-01-24 01:09:10+01,2021-10-07 16:14:26+02
EGAR00001163623,fastq,,EGAN00001188067,EGAX00001158945,EGA00001134545,2014-01-24 01:09:12+01,2021-10-07 16:14:26+02
EGAR00001163624,fastq,,EGAN00001188068,EGAX00001158946,EGA00001134545,2014-01-24 01:09:13+01,2021-10-07 16:14:26+02
EGAR00001163625,fastq,,EGAN00001188069,EGAX00001158947,EGA00001134545,2014-01-24 01:09:14+01,2021-10-07 16:14:26+02
EGAR00001163626,fastq,,EGAN00001188070,EGAX00001158948,EGA00001134545,2014-01-24 01:09:16+01,2021-10-07 16:14:26+02
EGAR00001163627,fastq,,EGAN00001188071,EGAX00001158949,EGA00001134545,2014-01-24 01:09:17+01,2021-10-07 16:14:26+02
EGAR00001163628,fastq,,EGAN00001188072,EGAX00001158950,EGA00001134545,2014-01-24 01:09:18+01,2021-10-07 16:14:26+02
EGAR00001163629,fastq,,EGAN00001188073,EGAX00001158951,EGA00001134545,2014-01-24 01:09:19+01,2021-10-07 16:14:26+02
EGAR00001163630,fastq,,EGAN00001188074,EGAX00001158952,EGA00001134545,2014-01-24 01:09:20+01,2021-10-07 16:14:26+02
EGAR00001163631,fastq,,EGAN00001188075,EGAX00001158953,EGA00001134545,2014-01-24 01:09:22+01,2021-10-07 16:14:26+02
EGAR00001163632,fastq,,EGAN00001188076,EGAX00001158954,EGA00001134545,2014-01-24 01:09:23+01,2021-10-07 16:14:26+02
EGAR00001163633,fastq,,EGAN00001188077,EGAX00001158955,EGA00001134545,2014-01-24 01:09:25+01,2021-10-07 16:14:26+02
EGAR00001163634,fastq,,EGAN00001188078,EGAX00001158956,EGA00001134545,2014-01-24 01:09:26+01,2021-10-07 16:14:26+02
EGAR00001163635,fastq,,EGAN00001188079,EGAX00001158957,EGA00001134545,2014-01-24 01:09:27+01,2021-10-07 16:14:26+02
EGAR00001163636,fastq,,EGAN00001188080,EGAX00001158958,EGA00001134545,2014-01-24 01:09:28+01,2021-10-07 16:14:26+02
EGAR00001163637,fastq,,EGAN00001188081,EGAX00001158959,EGA00001134545,2014-01-24 01:09:28+01,2021-10-07 16:14:26+02
EGAR00001163638,fastq,,EGAN00001188082,EGAX00001158960,EGA00001134545,2014-01-24 01:09:29+01,2021-10-07 16:14:26+02
EGAR00001163639,fastq,,EGAN00001188083,EGAX00001158961,EGA00001134545,2014-01-24 01:09:30+01,2021-10-07 16:14:26+02
EGAR00001163640,fastq,,EGAN00001188084,EGAX00001158962,EGA00001134545,2014-01-24 01:09:32+01,2021-10-07 16:14:26+02
EGAR00001163641,fastq,,EGAN00001188085,EGAX00001158963,EGA00001134545,2014-01-24 01:09:32+01,2021-10-07 16:14:26+02
EGAR00001163642,fastq,,EGAN00001188086,EGAX00001158964,EGA00001134545,2014-01-24 01:09:33+01,2021-10-07 16:14:26+02
EGAR00001163643,fastq,,EGAN00001188087,EGAX00001158965,EGA00001134545,2014-01-24 01:09:34+01,2021-10-07 16:14:26+02
EGAR00001163644,fastq,,EGAN00001188088,EGAX00001158966,EGA00001134545,2014-01-24 01:09:35+01,2021-10-07 16:14:26+02
EGAR00001163645,fastq,,EGAN00001188089,EGAX00001158967,EGA00001134545,2014-01-24 01:09:36+01,2021-10-07 16:14:26+02
EGAR00001163646,fastq,,EGAN00001188090,EGAX00001158968,EGA00001134545,2014-01-24 01:09:38+01,2021-10-07 16:14:26+02
EGAR00001163647,fastq,,EGAN00001188091,EGAX00001158969,EGA00001134545,2014-01-24 01:09:38+01,2021-10-07 16:14:26+02
EGAR00001163648,fastq,,EGAN00001188092,EGAX00001158970,EGA00001134545,2014-01-24 01:09:39+01,2021-10-07 16:14:26+02
EGAR00001163649,fastq,,EGAN00001188093,EGAX00001158971,EGA00001134545,2014-01-24 01:09:39+01,2021-10-07 16:14:26+02
EGAR00001163650,fastq,,EGAN00001188094,EGAX00001158972,EGA00001134545,2014-01-24 01:09:41+01,2021-10-07 16:14:26+02
EGAR00001163651,fastq,,EGAN00001188095,EGAX00001158973,EGA00001134545,2014-01-24 01:09:42+01,2021-10-07 16:14:26+02
EGAR00001163652,fastq,,EGAN00001188096,EGAX00001158974,EGA00001134545,2014-01-24 01:09:43+01,2021-10-07 16:14:26+02
EGAR00001163653,fastq,,EGAN00001188097,EGAX00001158975,EGA00001134545,2014-01-24 01:09:44+01,2021-10-07 16:14:26+02
EGAR00001163654,fastq,,EGAN00001188098,EGAX00001158976,EGA00001134545,2014-01-24 01:09:45+01,2021-10-07 16:14:26+02
EGAR00001163655,fastq,,EGAN00001188099,EGAX00001158977,EGA00001134545,2014-01-24 01:09:46+01,2021-10-07 16:14:26+02
EGAR00001163656,fastq,,EGAN00001188100,EGAX00001158978,EGA00001134545,2014-01-24 01:09:48+01,2021-10-07 16:14:26+02
EGAR00001163657,fastq,,EGAN00001188101,EGAX00001158979,EGA00001134545,2014-01-24 01:09:50+01,2021-10-07 16:14:26+02
EGAR00001163658,fastq,,EGAN00001188102,EGAX00001158980,EGA00001134545,2014-01-24 01:09:51+01,2021-10-07 16:14:26+02
EGAR00001163659,fastq,,EGAN00001188103,EGAX00001158981,EGA00001134545,2014-01-24 01:09:52+01,2021-10-07 16:14:26+02
EGAR00001163660,fastq,,EGAN00001188104,EGAX00001158982,EGA00001134545,2014-01-24 01:09:53+01,2021-10-07 16:14:26+02
EGAR00001163661,fastq,,EGAN00001188105,EGAX00001158983,EGA00001134545,2014-01-24 01:09:54+01,2021-10-07 16:14:26+02
EGAR00001163662,fastq,,EGAN00001188106,EGAX00001158984,EGA00001134545,2014-01-24 01:09:56+01,2021-10-07 16:14:26+02
EGAR00001163663,fastq,,EGAN00001188107,EGAX00001158985,EGA00001134545,2014-01-24 01:09:57+01,2021-10-07 16:14:26+02
EGAR00001163664,fastq,,EGAN00001188108,EGAX00001158986,EGA00001134545,2014-01-24 01:09:58+01,2021-10-07 16:14:26+02
EGAR00001163665,fastq,,EGAN00001188109,EGAX00001158987,EGA00001134545,2014-01-24 01:09:59+01,2021-10-07 16:14:26+02
EGAR00001163666,fastq,,EGAN00001188110,EGAX00001158988,EGA00001134545,2014-01-24 01:10:00+01,2021-10-07 16:14:26+02
EGAR00001163667,fastq,,EGAN00001188111,EGAX00001158989,EGA00001134545,2014-01-24 01:10:02+01,2021-10-07 16:14:26+02
EGAR00001163668,fastq,,EGAN00001188112,EGAX00001158990,EGA00001134545,2014-01-24 01:10:03+01,2021-10-07 16:14:26+02
EGAR00001163669,fastq,,EGAN00001188113,EGAX00001158991,EGA00001134545,2014-01-24 01:10:04+01,2021-10-07 16:14:26+02
EGAR00001163670,fastq,,EGAN00001188114,EGAX00001158992,EGA00001134545,2014-01-24 01:10:05+01,2021-10-07 16:14:26+02
EGAR00001163671,fastq,,EGAN00001188115,EGAX00001158993,EGA00001134545,2014-01-24 01:10:06+01,2021-10-07 16:14:26+02
EGAR00001163672,fastq,,EGAN00001188116,EGAX00001158994,EGA00001134545,2014-01-24 01:10:07+01,2021-10-07 16:14:26+02
EGAR00001163673,fastq,,EGAN00001188117,EGAX00001158995,EGA00001134545,2014-01-24 01:10:08+01,2021-10-07 16:14:26+02
EGAR00001163674,fastq,,EGAN00001188118,EGAX00001158996,EGA00001134545,2014-01-24 01:10:09+01,2021-10-07 16:14:26+02
EGAR00001163675,fastq,,EGAN00001188119,EGAX00001158997,EGA00001134545,2014-01-24 01:10:10+01,2021-10-07 16:14:26+02
EGAR00001163676,fastq,,EGAN00001188120,EGAX00001158998,EGA00001134545,2014-01-24 01:10:11+01,2021-10-07 16:14:26+02
EGAR00001163677,fastq,,EGAN00001188121,EGAX00001158999,EGA00001134545,2014-01-24 01:10:12+01,2021-10-07 16:14:26+02
EGAR00001163678,fastq,,EGAN00001188122,EGAX00001159000,EGA00001134545,2014-01-24 01:10:13+01,2021-10-07 16:14:26+02
EGAR00001163679,fastq,,EGAN00001188123,EGAX00001159001,EGA00001134546,2014-01-24 01:49:09+01,2021-10-07 16:14:26+02
EGAR00001163680,fastq,,EGAN00001188124,EGAX00001159002,EGA00001134546,2014-01-24 01:49:09+01,2021-10-07 16:14:26+02
EGAR00001163681,fastq,,EGAN00001188125,EGAX00001159003,EGA00001134546,2014-01-24 01:49:09+01,2021-10-07 16:14:26+02
EGAR00001163682,fastq,,EGAN00001188126,EGAX00001159004,EGA00001134546,2014-01-24 01:49:09+01,2021-10-07 16:14:26+02
EGAR00001163683,fastq,,EGAN00001188127,EGAX00001159005,EGA00001134546,2014-01-24 01:49:10+01,2021-10-07 16:14:26+02
EGAR00001163684,fastq,,EGAN00001188128,EGAX00001159006,EGA00001134546,2014-01-24 01:49:11+01,2021-10-07 16:14:26+02
EGAR00001163685,fastq,,EGAN00001188129,EGAX00001159007,EGA00001134546,2014-01-24 01:49:11+01,2021-10-07 16:14:26+02
EGAR00001163686,fastq,,EGAN00001188130,EGAX00001159008,EGA00001134546,2014-01-24 01:49:12+01,2021-10-07 16:14:26+02
EGAR00001163687,fastq,,EGAN00001188131,EGAX00001159009,EGA00001134546,2014-01-24 01:49:12+01,2021-10-07 16:14:26+02
EGAR00001163688,fastq,,EGAN00001188132,EGAX00001159010,EGA00001134546,2014-01-24 01:49:12+01,2021-10-07 16:14:26+02
EGAR00001163689,fastq,,EGAN00001188133,EGAX00001159011,EGA00001134546,2014-01-24 01:49:13+01,2021-10-07 16:14:26+02
EGAR00001163690,fastq,,EGAN00001188134,EGAX00001159012,EGA00001134546,2014-01-24 01:49:13+01,2021-10-07 16:14:26+02
EGAR00001163691,fastq,,EGAN00001188135,EGAX00001159013,EGA00001134546,2014-01-24 01:49:13+01,2021-10-07 16:14:26+02
EGAR00001163692,fastq,,EGAN00001188136,EGAX00001159014,EGA00001134546,2014-01-24 01:49:14+01,2021-10-07 16:14:26+02
EGAR00001163693,fastq,,EGAN00001188137,EGAX00001159015,EGA00001134546,2014-01-24 01:49:14+01,2021-10-07 16:14:26+02
EGAR00001163694,fastq,,EGAN00001188138,EGAX00001159016,EGA00001134546,2014-01-24 01:49:15+01,2021-10-07 16:14:26+02
EGAR00001163695,fastq,,EGAN00001188139,EGAX00001159017,EGA00001134546,2014-01-24 01:49:15+01,2021-10-07 16:14:26+02
EGAR00001163696,fastq,,EGAN00001188140,EGAX00001159018,EGA00001134546,2014-01-24 01:49:15+01,2021-10-07 16:14:26+02
EGAR00001163697,fastq,,EGAN00001188141,EGAX00001159019,EGA00001134546,2014-01-24 01:49:15+01,2021-10-07 16:14:26+02
EGAR00001163698,fastq,,EGAN00001188142,EGAX00001159020,EGA00001134546,2014-01-24 01:49:16+01,2021-10-07 16:14:26+02
EGAR00001163699,fastq,,EGAN00001188143,EGAX00001159021,EGA00001134546,2014-01-24 01:49:16+01,2021-10-07 16:14:26+02
EGAR00001163700,fastq,,EGAN00001188144,EGAX00001159022,EGA00001134546,2014-01-24 01:49:16+01,2021-10-07 16:14:26+02
EGAR00001163701,fastq,,EGAN00001188145,EGAX00001159023,EGA00001134546,2014-01-24 01:49:17+01,2021-10-07 16:14:26+02
EGAR00001163702,fastq,,EGAN00001188146,EGAX00001159024,EGA00001134546,2014-01-24 01:49:17+01,2021-10-07 16:14:26+02
EGAR00001163703,fastq,,EGAN00001188147,EGAX00001159025,EGA00001134546,2014-01-24 01:49:17+01,2021-10-07 16:14:26+02
EGAR00001163704,fastq,,EGAN00001188148,EGAX00001159026,EGA00001134546,2014-01-24 01:49:18+01,2021-10-07 16:14:26+02
EGAR00001163705,fastq,,EGAN00001188149,EGAX00001159027,EGA00001134546,2014-01-24 01:49:18+01,2021-10-07 16:14:26+02
EGAR00001163706,fastq,,EGAN00001188150,EGAX00001159028,EGA00001134546,2014-01-24 01:49:19+01,2021-10-07 16:14:26+02
EGAR00001163707,fastq,,EGAN00001188151,EGAX00001159029,EGA00001134546,2014-01-24 01:49:19+01,2021-10-07 16:14:26+02
EGAR00001163708,fastq,,EGAN00001188152,EGAX00001159030,EGA00001134546,2014-01-24 01:49:20+01,2021-10-07 16:14:26+02
EGAR00001163709,fastq,,EGAN00001188153,EGAX00001159031,EGA00001134546,2014-01-24 01:49:20+01,2021-10-07 16:14:26+02
EGAR00001163710,fastq,,EGAN00001188154,EGAX00001159032,EGA00001134546,2014-01-24 01:49:21+01,2021-10-07 16:14:26+02
EGAR00001163711,fastq,,EGAN00001188155,EGAX00001159033,EGA00001134546,2014-01-24 01:49:21+01,2021-10-07 16:14:26+02
EGAR00001163712,fastq,,EGAN00001188156,EGAX00001159034,EGA00001134546,2014-01-24 01:49:22+01,2021-10-07 16:14:26+02
EGAR00001163713,fastq,,EGAN00001188157,EGAX00001159035,EGA00001134546,2014-01-24 01:49:22+01,2021-10-07 16:14:26+02
EGAR00001163714,fastq,,EGAN00001188158,EGAX00001159036,EGA00001134546,2014-01-24 01:49:22+01,2021-10-07 16:14:26+02
EGAR00001163715,fastq,,EGAN00001188159,EGAX00001159037,EGA00001134546,2014-01-24 01:49:23+01,2021-10-07 16:14:26+02
EGAR00001163716,fastq,,EGAN00001188160,EGAX00001159038,EGA00001134546,2014-01-24 01:49:23+01,2021-10-07 16:14:26+02
EGAR00001163717,fastq,,EGAN00001188161,EGAX00001159039,EGA00001134546,2014-01-24 01:49:23+01,2021-10-07 16:14:26+02
EGAR00001163718,fastq,,EGAN00001188162,EGAX00001159040,EGA00001134546,2014-01-24 01:49:24+01,2021-10-07 16:14:26+02
EGAR00001163719,fastq,,EGAN00001188163,EGAX00001159041,EGA00001134546,2014-01-24 01:49:24+01,2021-10-07 16:14:26+02
EGAR00001163720,fastq,,EGAN00001188164,EGAX00001159042,EGA00001134546,2014-01-24 01:49:25+01,2021-10-07 16:14:26+02
EGAR00001163721,fastq,,EGAN00001188165,EGAX00001159043,EGA00001134546,2014-01-24 01:49:25+01,2021-10-07 16:14:26+02
EGAR00001163722,fastq,,EGAN00001188166,EGAX00001159044,EGA00001134546,2014-01-24 01:49:25+01,2021-10-07 16:14:26+02
EGAR00001163723,fastq,,EGAN00001188167,EGAX00001159045,EGA00001134546,2014-01-24 01:49:26+01,2021-10-07 16:14:26+02
EGAR00001163724,fastq,,EGAN00001188168,EGAX00001159046,EGA00001134546,2014-01-24 01:49:26+01,2021-10-07 16:14:26+02
EGAR00001163725,fastq,,EGAN00001188169,EGAX00001159047,EGA00001134546,2014-01-24 01:49:27+01,2021-10-07 16:14:26+02
EGAR00001163726,fastq,,EGAN00001188170,EGAX00001159048,EGA00001134546,2014-01-24 01:49:27+01,2021-10-07 16:14:26+02
EGAR00001163727,fastq,,EGAN00001188171,EGAX00001159049,EGA00001134546,2014-01-24 01:49:27+01,2021-10-07 16:14:26+02
EGAR00001163728,fastq,,EGAN00001188172,EGAX00001159050,EGA00001134546,2014-01-24 01:49:28+01,2021-10-07 16:14:26+02
EGAR00001163729,fastq,,EGAN00001188173,EGAX00001159051,EGA00001134546,2014-01-24 01:49:29+01,2021-10-07 16:14:26+02
EGAR00001163730,fastq,,EGAN00001188174,EGAX00001159052,EGA00001134546,2014-01-24 01:49:29+01,2021-10-07 16:14:26+02
EGAR00001163731,fastq,,EGAN00001188175,EGAX00001159053,EGA00001134546,2014-01-24 01:49:29+01,2021-10-07 16:14:26+02
EGAR00001163732,fastq,,EGAN00001188176,EGAX00001159054,EGA00001134546,2014-01-24 01:49:30+01,2021-10-07 16:14:26+02
EGAR00001163733,fastq,,EGAN00001188177,EGAX00001159055,EGA00001134546,2014-01-24 01:49:30+01,2021-10-07 16:14:26+02
EGAR00001163734,fastq,,EGAN00001188178,EGAX00001159056,EGA00001134546,2014-01-24 01:49:31+01,2021-10-07 16:14:26+02
EGAR00001163735,fastq,,EGAN00001188179,EGAX00001159057,EGA00001134546,2014-01-24 01:49:31+01,2021-10-07 16:14:26+02
EGAR00001163736,fastq,,EGAN00001188180,EGAX00001159058,EGA00001134546,2014-01-24 01:49:31+01,2021-10-07 16:14:26+02
EGAR00001163737,fastq,,EGAN00001188181,EGAX00001159059,EGA00001134546,2014-01-24 01:49:31+01,2021-10-07 16:14:26+02
EGAR00001163738,fastq,,EGAN00001188182,EGAX00001159060,EGA00001134546,2014-01-24 01:49:32+01,2021-10-07 16:14:26+02
EGAR00001163739,fastq,,EGAN00001188183,EGAX00001159061,EGA00001134546,2014-01-24 01:49:32+01,2021-10-07 16:14:26+02
EGAR00001163740,fastq,,EGAN00001188184,EGAX00001159062,EGA00001134546,2014-01-24 01:49:33+01,2021-10-07 16:14:26+02
EGAR00001163741,fastq,,EGAN00001188185,EGAX00001159063,EGA00001134546,2014-01-24 01:49:33+01,2021-10-07 16:14:26+02
EGAR00001163742,fastq,,EGAN00001188186,EGAX00001159064,EGA00001134546,2014-01-24 01:49:33+01,2021-10-07 16:14:26+02
EGAR00001163743,fastq,,EGAN00001188187,EGAX00001159065,EGA00001134546,2014-01-24 01:49:34+01,2021-10-07 16:14:26+02
EGAR00001163744,fastq,,EGAN00001188188,EGAX00001159066,EGA00001134546,2014-01-24 01:49:34+01,2021-10-07 16:14:26+02
EGAR00001163745,fastq,,EGAN00001188189,EGAX00001159067,EGA00001134546,2014-01-24 01:49:35+01,2021-10-07 16:14:26+02
EGAR00001163746,fastq,,EGAN00001188190,EGAX00001159068,EGA00001134546,2014-01-24 01:49:35+01,2021-10-07 16:14:26+02
EGAR00001163747,fastq,,EGAN00001188191,EGAX00001159069,EGA00001134546,2014-01-24 01:49:35+01,2021-10-07 16:14:26+02
EGAR00001163748,fastq,,EGAN00001188192,EGAX00001159070,EGA00001134546,2014-01-24 01:49:36+01,2021-10-07 16:14:26+02
EGAR00001163749,fastq,,EGAN00001188193,EGAX00001159071,EGA00001134546,2014-01-24 01:49:36+01,2021-10-07 16:14:26+02
EGAR00001163750,fastq,,EGAN00001188194,EGAX00001159072,EGA00001134546,2014-01-24 01:49:36+01,2021-10-07 16:14:26+02
EGAR00001163751,fastq,,EGAN00001188195,EGAX00001159073,EGA00001134546,2014-01-24 01:49:37+01,2021-10-07 16:14:26+02
EGAR00001163752,fastq,,EGAN00001188196,EGAX00001159074,EGA00001134546,2014-01-24 01:49:37+01,2021-10-07 16:14:26+02
EGAR00001163753,fastq,,EGAN00001188197,EGAX00001159075,EGA00001134546,2014-01-24 01:49:37+01,2021-10-07 16:14:26+02
EGAR00001163754,fastq,,EGAN00001188198,EGAX00001159076,EGA00001134547,2014-01-24 02:03:21+01,2021-10-07 16:14:26+02
EGAR00001163755,fastq,,EGAN00001188199,EGAX00001159077,EGA00001134547,2014-01-24 02:03:22+01,2021-10-07 16:14:26+02
EGAR00001163756,fastq,,EGAN00001188200,EGAX00001159078,EGA00001134547,2014-01-24 02:03:22+01,2021-10-07 16:14:26+02
EGAR00001163757,fastq,,EGAN00001188201,EGAX00001159079,EGA00001134547,2014-01-24 02:03:22+01,2021-10-07 16:14:26+02
EGAR00001163758,fastq,,EGAN00001188202,EGAX00001159080,EGA00001134547,2014-01-24 02:03:22+01,2021-10-07 16:14:26+02
EGAR00001163759,fastq,,EGAN00001188203,EGAX00001159081,EGA00001134547,2014-01-24 02:03:23+01,2021-10-07 16:14:26+02
EGAR00001163760,fastq,,EGAN00001188204,EGAX00001159082,EGA00001134547,2014-01-24 02:03:23+01,2021-10-07 16:14:26+02
EGAR00001163761,fastq,,EGAN00001188205,EGAX00001159083,EGA00001134547,2014-01-24 02:03:23+01,2021-10-07 16:14:26+02
EGAR00001163762,fastq,,EGAN00001188206,EGAX00001159084,EGA00001134547,2014-01-24 02:03:23+01,2021-10-07 16:14:26+02
EGAR00001163763,fastq,,EGAN00001188207,EGAX00001159085,EGA00001134547,2014-01-24 02:03:24+01,2021-10-07 16:14:26+02
EGAR00001163764,fastq,,EGAN00001188208,EGAX00001159086,EGA00001134547,2014-01-24 02:03:24+01,2021-10-07 16:14:26+02
EGAR00001163765,fastq,,EGAN00001188209,EGAX00001159087,EGA00001134547,2014-01-24 02:03:24+01,2021-10-07 16:14:26+02
EGAR00001163766,fastq,,EGAN00001188210,EGAX00001159088,EGA00001134547,2014-01-24 02:03:25+01,2021-10-07 16:14:26+02
EGAR00001163767,fastq,,EGAN00001188211,EGAX00001159089,EGA00001134547,2014-01-24 02:03:25+01,2021-10-07 16:14:26+02
EGAR00001163768,fastq,,EGAN00001188212,EGAX00001159090,EGA00001134547,2014-01-24 02:03:26+01,2021-10-07 16:14:26+02
EGAR00001163769,fastq,,EGAN00001188213,EGAX00001159091,EGA00001134547,2014-01-24 02:03:26+01,2021-10-07 16:14:26+02
EGAR00001163770,fastq,,EGAN00001188214,EGAX00001159092,EGA00001134547,2014-01-24 02:03:27+01,2021-10-07 16:14:26+02
EGAR00001163771,fastq,,EGAN00001188215,EGAX00001159093,EGA00001134547,2014-01-24 02:03:27+01,2021-10-07 16:14:26+02
EGAR00001163772,fastq,,EGAN00001188216,EGAX00001159094,EGA00001134547,2014-01-24 02:03:27+01,2021-10-07 16:14:26+02
EGAR00001163773,fastq,,EGAN00001188217,EGAX00001159095,EGA00001134547,2014-01-24 02:03:27+01,2021-10-07 16:14:26+02
EGAR00001163774,fastq,,EGAN00001188218,EGAX00001159096,EGA00001134547,2014-01-24 02:03:28+01,2021-10-07 16:14:26+02
EGAR00001163775,fastq,,EGAN00001188219,EGAX00001159097,EGA00001134547,2014-01-24 02:03:28+01,2021-10-07 16:14:26+02
EGAR00001163776,fastq,,EGAN00001188220,EGAX00001159098,EGA00001134547,2014-01-24 02:03:28+01,2021-10-07 16:14:26+02
EGAR00001163777,fastq,,EGAN00001188221,EGAX00001159099,EGA00001134547,2014-01-24 02:03:29+01,2021-10-07 16:14:26+02
EGAR00001163778,fastq,,EGAN00001188222,EGAX00001159100,EGA00001134547,2014-01-24 02:03:29+01,2021-10-07 16:14:26+02
EGAR00001163779,fastq,,EGAN00001188223,EGAX00001159101,EGA00001134547,2014-01-24 02:03:29+01,2021-10-07 16:14:26+02
EGAR00001163780,fastq,,EGAN00001188224,EGAX00001159102,EGA00001134547,2014-01-24 02:03:29+01,2021-10-07 16:14:26+02
EGAR00001163781,fastq,,EGAN00001188225,EGAX00001159103,EGA00001134547,2014-01-24 02:03:30+01,2021-10-07 16:14:26+02
EGAR00001163782,fastq,,EGAN00001188226,EGAX00001159104,EGA00001134547,2014-01-24 02:03:30+01,2021-10-07 16:14:26+02
EGAR00001163783,fastq,,EGAN00001188227,EGAX00001159105,EGA00001134547,2014-01-24 02:03:30+01,2021-10-07 16:14:26+02
EGAR00001163784,fastq,,EGAN00001188228,EGAX00001159106,EGA00001134547,2014-01-24 02:03:31+01,2021-10-07 16:14:26+02
EGAR00001163785,fastq,,EGAN00001188229,EGAX00001159107,EGA00001134547,2014-01-24 02:03:31+01,2021-10-07 16:14:26+02
EGAR00001163786,fastq,,EGAN00001188230,EGAX00001159108,EGA00001134547,2014-01-24 02:03:32+01,2021-10-07 16:14:26+02
EGAR00001163787,fastq,,EGAN00001188231,EGAX00001159109,EGA00001134547,2014-01-24 02:03:32+01,2021-10-07 16:14:26+02
EGAR00001163788,fastq,,EGAN00001188232,EGAX00001159110,EGA00001134547,2014-01-24 02:03:33+01,2021-10-07 16:14:26+02
EGAR00001163789,fastq,,EGAN00001188233,EGAX00001159111,EGA00001134547,2014-01-24 02:03:33+01,2021-10-07 16:14:26+02
EGAR00001163790,fastq,,EGAN00001188234,EGAX00001159112,EGA00001134547,2014-01-24 02:03:33+01,2021-10-07 16:14:26+02
EGAR00001163791,fastq,,EGAN00001188235,EGAX00001159113,EGA00001134547,2014-01-24 02:03:34+01,2021-10-07 16:14:26+02
EGAR00001163792,fastq,,EGAN00001188236,EGAX00001159114,EGA00001134547,2014-01-24 02:03:34+01,2021-10-07 16:14:26+02
EGAR00001163793,fastq,,EGAN00001188237,EGAX00001159115,EGA00001134547,2014-01-24 02:03:34+01,2021-10-07 16:14:26+02
EGAR00001163794,fastq,,EGAN00001188238,EGAX00001159116,EGA00001134547,2014-01-24 02:03:35+01,2021-10-07 16:14:26+02
EGAR00001163795,fastq,,EGAN00001188239,EGAX00001159117,EGA00001134547,2014-01-24 02:03:35+01,2021-10-07 16:14:26+02
EGAR00001163796,fastq,,EGAN00001188240,EGAX00001159118,EGA00001134547,2014-01-24 02:03:35+01,2021-10-07 16:14:26+02
EGAR00001163797,fastq,,EGAN00001188241,EGAX00001159119,EGA00001134547,2014-01-24 02:03:36+01,2021-10-07 16:14:26+02
EGAR00001163798,fastq,,EGAN00001188242,EGAX00001159120,EGA00001134547,2014-01-24 02:03:36+01,2021-10-07 16:14:26+02
EGAR00001163799,fastq,,EGAN00001188243,EGAX00001159121,EGA00001134547,2014-01-24 02:03:36+01,2021-10-07 16:14:26+02
EGAR00001163800,fastq,,EGAN00001188244,EGAX00001159122,EGA00001134547,2014-01-24 02:03:37+01,2021-10-07 16:14:26+02
EGAR00001163801,fastq,,EGAN00001188245,EGAX00001159123,EGA00001134547,2014-01-24 02:03:37+01,2021-10-07 16:14:26+02
EGAR00001163802,fastq,,EGAN00001188246,EGAX00001159124,EGA00001134547,2014-01-24 02:03:38+01,2021-10-07 16:14:26+02
EGAR00001163803,fastq,,EGAN00001188247,EGAX00001159125,EGA00001134547,2014-01-24 02:03:38+01,2021-10-07 16:14:26+02
EGAR00001163804,fastq,,EGAN00001188248,EGAX00001159126,EGA00001134547,2014-01-24 02:03:39+01,2021-10-07 16:14:26+02
EGAR00001163805,fastq,,EGAN00001188249,EGAX00001159127,EGA00001134547,2014-01-24 02:03:39+01,2021-10-07 16:14:26+02
EGAR00001163806,fastq,,EGAN00001188250,EGAX00001159128,EGA00001134547,2014-01-24 02:03:39+01,2021-10-07 16:14:26+02
EGAR00001163807,fastq,,EGAN00001188251,EGAX00001159129,EGA00001134547,2014-01-24 02:03:40+01,2021-10-07 16:14:26+02
EGAR00001163808,fastq,,EGAN00001188252,EGAX00001159130,EGA00001134547,2014-01-24 02:03:40+01,2021-10-07 16:14:26+02
EGAR00001163809,fastq,,EGAN00001188253,EGAX00001159131,EGA00001134547,2014-01-24 02:03:40+01,2021-10-07 16:14:26+02
EGAR00001163810,fastq,,EGAN00001188254,EGAX00001159132,EGA00001134547,2014-01-24 02:03:41+01,2021-10-07 16:14:26+02
EGAR00001163811,fastq,,EGAN00001188255,EGAX00001159133,EGA00001134547,2014-01-24 02:03:41+01,2021-10-07 16:14:26+02
EGAR00001163812,fastq,,EGAN00001188256,EGAX00001159134,EGA00001134547,2014-01-24 02:03:41+01,2021-10-07 16:14:26+02
EGAR00001163813,fastq,,EGAN00001188257,EGAX00001159135,EGA00001134547,2014-01-24 02:03:42+01,2021-10-07 16:14:26+02
EGAR00001163814,fastq,,EGAN00001188258,EGAX00001159136,EGA00001134547,2014-01-24 02:03:43+01,2021-10-07 16:14:26+02
EGAR00001163815,fastq,,EGAN00001188259,EGAX00001159137,EGA00001134547,2014-01-24 02:03:43+01,2021-10-07 16:14:26+02
EGAR00001163816,fastq,,EGAN00001188260,EGAX00001159138,EGA00001134547,2014-01-24 02:03:43+01,2021-10-07 16:14:26+02
EGAR00001163817,fastq,,EGAN00001188261,EGAX00001159139,EGA00001134547,2014-01-24 02:03:44+01,2021-10-07 16:14:26+02
EGAR00001163818,fastq,,EGAN00001188262,EGAX00001159140,EGA00001134547,2014-01-24 02:03:44+01,2021-10-07 16:14:26+02
EGAR00001163819,fastq,,EGAN00001188263,EGAX00001159141,EGA00001134547,2014-01-24 02:03:44+01,2021-10-07 16:14:26+02
EGAR00001163820,fastq,,EGAN00001188264,EGAX00001159142,EGA00001134547,2014-01-24 02:03:45+01,2021-10-07 16:14:26+02
EGAR00001163821,fastq,,EGAN00001188265,EGAX00001159143,EGA00001134547,2014-01-24 02:03:45+01,2021-10-07 16:14:26+02
EGAR00001163822,fastq,,EGAN00001188266,EGAX00001159144,EGA00001134547,2014-01-24 02:03:45+01,2021-10-07 16:14:26+02
EGAR00001163823,fastq,,EGAN00001188267,EGAX00001159145,EGA00001134547,2014-01-24 02:03:46+01,2021-10-07 16:14:26+02
EGAR00001163824,fastq,,EGAN00001188268,EGAX00001159146,EGA00001134547,2014-01-24 02:03:46+01,2021-10-07 16:14:26+02
EGAR00001163825,fastq,,EGAN00001188269,EGAX00001159147,EGA00001134547,2014-01-24 02:03:46+01,2021-10-07 16:14:26+02
EGAR00001163826,fastq,,EGAN00001188270,EGAX00001159148,EGA00001134547,2014-01-24 02:03:47+01,2021-10-07 16:14:26+02
EGAR00001163827,fastq,,EGAN00001188271,EGAX00001159149,EGA00001134547,2014-01-24 02:03:47+01,2021-10-07 16:14:26+02
EGAR00001163828,fastq,,EGAN00001188272,EGAX00001159150,EGA00001134547,2014-01-24 02:03:47+01,2021-10-07 16:14:26+02
EGAR00001163829,fastq,,EGAN00001188273,EGAX00001159151,EGA00001134548,2014-01-24 02:08:08+01,2021-10-07 16:14:26+02
EGAR00001163830,fastq,,EGAN00001188274,EGAX00001159152,EGA00001134548,2014-01-24 02:08:08+01,2021-10-07 16:14:26+02
EGAR00001163831,fastq,,EGAN00001188275,EGAX00001159153,EGA00001134548,2014-01-24 02:08:08+01,2021-10-07 16:14:26+02
EGAR00001163832,fastq,,EGAN00001188276,EGAX00001159154,EGA00001134548,2014-01-24 02:08:08+01,2021-10-07 16:14:26+02
EGAR00001163833,fastq,,EGAN00001188277,EGAX00001159155,EGA00001134548,2014-01-24 02:08:09+01,2021-10-07 16:14:26+02
EGAR00001163834,fastq,,EGAN00001188278,EGAX00001159156,EGA00001134548,2014-01-24 02:08:09+01,2021-10-07 16:14:26+02
EGAR00001163835,fastq,,EGAN00001188279,EGAX00001159157,EGA00001134548,2014-01-24 02:08:09+01,2021-10-07 16:14:26+02
EGAR00001163836,fastq,,EGAN00001188280,EGAX00001159158,EGA00001134548,2014-01-24 02:08:09+01,2021-10-07 16:14:26+02
EGAR00001163837,fastq,,EGAN00001188281,EGAX00001159159,EGA00001134548,2014-01-24 02:08:10+01,2021-10-07 16:14:26+02
EGAR00001163838,fastq,,EGAN00001188282,EGAX00001159160,EGA00001134548,2014-01-24 02:08:10+01,2021-10-07 16:14:26+02
EGAR00001163839,fastq,,EGAN00001188283,EGAX00001159161,EGA00001134548,2014-01-24 02:08:10+01,2021-10-07 16:14:26+02
EGAR00001163840,fastq,,EGAN00001188284,EGAX00001159162,EGA00001134548,2014-01-24 02:08:10+01,2021-10-07 16:14:26+02
EGAR00001163841,fastq,,EGAN00001188285,EGAX00001159163,EGA00001134548,2014-01-24 02:08:11+01,2021-10-07 16:14:26+02
EGAR00001163842,fastq,,EGAN00001188286,EGAX00001159164,EGA00001134548,2014-01-24 02:08:11+01,2021-10-07 16:14:26+02
EGAR00001163843,fastq,,EGAN00001188287,EGAX00001159165,EGA00001134548,2014-01-24 02:08:11+01,2021-10-07 16:14:26+02
EGAR00001163844,fastq,,EGAN00001188288,EGAX00001159166,EGA00001134548,2014-01-24 02:08:12+01,2021-10-07 16:14:26+02
EGAR00001163845,fastq,,EGAN00001188289,EGAX00001159167,EGA00001134548,2014-01-24 02:08:12+01,2021-10-07 16:14:26+02
EGAR00001163846,fastq,,EGAN00001188290,EGAX00001159168,EGA00001134548,2014-01-24 02:08:12+01,2021-10-07 16:14:26+02
EGAR00001163847,fastq,,EGAN00001188291,EGAX00001159169,EGA00001134548,2014-01-24 02:08:12+01,2021-10-07 16:14:26+02
EGAR00001163848,fastq,,EGAN00001188292,EGAX00001159170,EGA00001134548,2014-01-24 02:08:13+01,2021-10-07 16:14:26+02
EGAR00001163849,fastq,,EGAN00001188293,EGAX00001159171,EGA00001134548,2014-01-24 02:08:13+01,2021-10-07 16:14:26+02
EGAR00001163850,fastq,,EGAN00001188294,EGAX00001159172,EGA00001134548,2014-01-24 02:08:13+01,2021-10-07 16:14:26+02
EGAR00001163851,fastq,,EGAN00001188295,EGAX00001159173,EGA00001134548,2014-01-24 02:08:14+01,2021-10-07 16:14:26+02
EGAR00001163852,fastq,,EGAN00001188296,EGAX00001159174,EGA00001134548,2014-01-24 02:08:14+01,2021-10-07 16:14:26+02
EGAR00001163853,fastq,,EGAN00001188297,EGAX00001159175,EGA00001134548,2014-01-24 02:08:14+01,2021-10-07 16:14:26+02
EGAR00001163854,fastq,,EGAN00001188298,EGAX00001159176,EGA00001134548,2014-01-24 02:08:14+01,2021-10-07 16:14:26+02
EGAR00001163855,fastq,,EGAN00001188299,EGAX00001159177,EGA00001134548,2014-01-24 02:08:15+01,2021-10-07 16:14:26+02
EGAR00001163856,fastq,,EGAN00001188300,EGAX00001159178,EGA00001134548,2014-01-24 02:08:15+01,2021-10-07 16:14:26+02
EGAR00001163857,fastq,,EGAN00001188301,EGAX00001159179,EGA00001134548,2014-01-24 02:08:15+01,2021-10-07 16:14:26+02
EGAR00001163858,fastq,,EGAN00001188302,EGAX00001159180,EGA00001134548,2014-01-24 02:08:15+01,2021-10-07 16:14:26+02
EGAR00001163859,fastq,,EGAN00001188303,EGAX00001159181,EGA00001134548,2014-01-24 02:08:16+01,2021-10-07 16:14:26+02
EGAR00001163860,fastq,,EGAN00001188304,EGAX00001159182,EGA00001134548,2014-01-24 02:08:16+01,2021-10-07 16:14:26+02
EGAR00001163861,fastq,,EGAN00001188305,EGAX00001159183,EGA00001134548,2014-01-24 02:08:16+01,2021-10-07 16:14:26+02
EGAR00001163862,fastq,,EGAN00001188306,EGAX00001159184,EGA00001134548,2014-01-24 02:08:17+01,2021-10-07 16:14:26+02
EGAR00001163863,fastq,,EGAN00001188307,EGAX00001159185,EGA00001134548,2014-01-24 02:08:17+01,2021-10-07 16:14:26+02
EGAR00001163864,fastq,,EGAN00001188308,EGAX00001159186,EGA00001134548,2014-01-24 02:08:17+01,2021-10-07 16:14:26+02
EGAR00001163865,fastq,,EGAN00001188309,EGAX00001159187,EGA00001134548,2014-01-24 02:08:18+01,2021-10-07 16:14:26+02
EGAR00001163866,fastq,,EGAN00001188310,EGAX00001159188,EGA00001134548,2014-01-24 02:08:18+01,2021-10-07 16:14:26+02
EGAR00001163867,fastq,,EGAN00001188311,EGAX00001159189,EGA00001134548,2014-01-24 02:08:18+01,2021-10-07 16:14:26+02
EGAR00001163868,fastq,,EGAN00001188312,EGAX00001159190,EGA00001134548,2014-01-24 02:08:19+01,2021-10-07 16:14:26+02
EGAR00001163869,fastq,,EGAN00001188313,EGAX00001159191,EGA00001134548,2014-01-24 02:08:20+01,2021-10-07 16:14:26+02
EGAR00001163870,fastq,,EGAN00001188314,EGAX00001159192,EGA00001134548,2014-01-24 02:08:20+01,2021-10-07 16:14:26+02
EGAR00001163871,fastq,,EGAN00001188315,EGAX00001159193,EGA00001134548,2014-01-24 02:08:21+01,2021-10-07 16:14:26+02
EGAR00001163872,fastq,,EGAN00001188316,EGAX00001159194,EGA00001134548,2014-01-24 02:08:21+01,2021-10-07 16:14:26+02
EGAR00001163873,fastq,,EGAN00001188317,EGAX00001159195,EGA00001134548,2014-01-24 02:08:21+01,2021-10-07 16:14:26+02
EGAR00001163874,fastq,,EGAN00001188318,EGAX00001159196,EGA00001134548,2014-01-24 02:08:22+01,2021-10-07 16:14:26+02
EGAR00001163875,fastq,,EGAN00001188319,EGAX00001159197,EGA00001134548,2014-01-24 02:08:22+01,2021-10-07 16:14:26+02
EGAR00001163876,fastq,,EGAN00001188320,EGAX00001159198,EGA00001134548,2014-01-24 02:08:22+01,2021-10-07 16:14:26+02
EGAR00001163877,fastq,,EGAN00001188321,EGAX00001159199,EGA00001134548,2014-01-24 02:08:23+01,2021-10-07 16:14:26+02
EGAR00001163878,fastq,,EGAN00001188322,EGAX00001159200,EGA00001134548,2014-01-24 02:08:23+01,2021-10-07 16:14:26+02
EGAR00001163879,fastq,,EGAN00001188323,EGAX00001159201,EGA00001134548,2014-01-24 02:08:23+01,2021-10-07 16:14:26+02
EGAR00001163880,fastq,,EGAN00001188324,EGAX00001159202,EGA00001134548,2014-01-24 02:08:23+01,2021-10-07 16:14:26+02
EGAR00001163881,fastq,,EGAN00001188325,EGAX00001159203,EGA00001134548,2014-01-24 02:08:24+01,2021-10-07 16:14:26+02
EGAR00001163882,fastq,,EGAN00001188326,EGAX00001159204,EGA00001134548,2014-01-24 02:08:24+01,2021-10-07 16:14:26+02
EGAR00001163883,fastq,,EGAN00001188327,EGAX00001159205,EGA00001134548,2014-01-24 02:08:24+01,2021-10-07 16:14:26+02
EGAR00001163884,fastq,,EGAN00001188328,EGAX00001159206,EGA00001134548,2014-01-24 02:08:25+01,2021-10-07 16:14:26+02
EGAR00001163885,fastq,,EGAN00001188329,EGAX00001159207,EGA00001134548,2014-01-24 02:08:25+01,2021-10-07 16:14:26+02
EGAR00001163886,fastq,,EGAN00001188330,EGAX00001159208,EGA00001134548,2014-01-24 02:08:25+01,2021-10-07 16:14:26+02
EGAR00001163887,fastq,,EGAN00001188331,EGAX00001159209,EGA00001134548,2014-01-24 02:08:25+01,2021-10-07 16:14:26+02
EGAR00001163888,fastq,,EGAN00001188332,EGAX00001159210,EGA00001134548,2014-01-24 02:08:26+01,2021-10-07 16:14:26+02
EGAR00001163889,fastq,,EGAN00001188333,EGAX00001159211,EGA00001134548,2014-01-24 02:08:26+01,2021-10-07 16:14:26+02
EGAR00001163890,fastq,,EGAN00001188334,EGAX00001159212,EGA00001134548,2014-01-24 02:08:26+01,2021-10-07 16:14:26+02
EGAR00001163891,fastq,,EGAN00001188335,EGAX00001159213,EGA00001134548,2014-01-24 02:08:27+01,2021-10-07 16:14:26+02
EGAR00001163892,fastq,,EGAN00001188336,EGAX00001159214,EGA00001134548,2014-01-24 02:08:27+01,2021-10-07 16:14:26+02
EGAR00001163893,fastq,,EGAN00001188337,EGAX00001159215,EGA00001134548,2014-01-24 02:08:27+01,2021-10-07 16:14:26+02
EGAR00001163894,fastq,,EGAN00001188338,EGAX00001159216,EGA00001134548,2014-01-24 02:08:27+01,2021-10-07 16:14:26+02
EGAR00001163895,fastq,,EGAN00001188339,EGAX00001159217,EGA00001134548,2014-01-24 02:08:28+01,2021-10-07 16:14:26+02
EGAR00001163896,fastq,,EGAN00001188340,EGAX00001159218,EGA00001134548,2014-01-24 02:08:28+01,2021-10-07 16:14:26+02
EGAR00001163897,fastq,,EGAN00001188341,EGAX00001159219,EGA00001134548,2014-01-24 02:08:29+01,2021-10-07 16:14:26+02
EGAR00001163898,fastq,,EGAN00001188342,EGAX00001159220,EGA00001134548,2014-01-24 02:08:29+01,2021-10-07 16:14:26+02
EGAR00001163899,fastq,,EGAN00001188343,EGAX00001159221,EGA00001134548,2014-01-24 02:08:29+01,2021-10-07 16:14:26+02
EGAR00001163900,fastq,,EGAN00001188344,EGAX00001159222,EGA00001134548,2014-01-24 02:08:29+01,2021-10-07 16:14:26+02
EGAR00001163901,fastq,,EGAN00001188345,EGAX00001159223,EGA00001134548,2014-01-24 02:08:30+01,2021-10-07 16:14:26+02
EGAR00001163902,fastq,,EGAN00001188346,EGAX00001159224,EGA00001134548,2014-01-24 02:08:30+01,2021-10-07 16:14:26+02
EGAR00001163903,fastq,,EGAN00001188347,EGAX00001159225,EGA00001134548,2014-01-24 02:08:30+01,2021-10-07 16:14:26+02
EGAR00001163904,fastq,,EGAN00001188348,EGAX00001159226,EGA00001134549,2014-01-24 02:12:15+01,2021-10-07 16:14:26+02
EGAR00001163905,fastq,,EGAN00001188349,EGAX00001159227,EGA00001134549,2014-01-24 02:12:15+01,2021-10-07 16:14:26+02
EGAR00001163906,fastq,,EGAN00001188350,EGAX00001159228,EGA00001134549,2014-01-24 02:12:15+01,2021-10-07 16:14:26+02
EGAR00001163907,fastq,,EGAN00001188351,EGAX00001159229,EGA00001134549,2014-01-24 02:12:15+01,2021-10-07 16:14:26+02
EGAR00001163908,fastq,,EGAN00001188352,EGAX00001159230,EGA00001134549,2014-01-24 02:12:15+01,2021-10-07 16:14:26+02
EGAR00001163909,fastq,,EGAN00001188353,EGAX00001159231,EGA00001134549,2014-01-24 02:12:16+01,2021-10-07 16:14:26+02
EGAR00001163910,fastq,,EGAN00001188354,EGAX00001159232,EGA00001134549,2014-01-24 02:12:16+01,2021-10-07 16:14:26+02
EGAR00001163911,fastq,,EGAN00001188355,EGAX00001159233,EGA00001134549,2014-01-24 02:12:16+01,2021-10-07 16:14:26+02
EGAR00001163912,fastq,,EGAN00001188356,EGAX00001159234,EGA00001134549,2014-01-24 02:12:16+01,2021-10-07 16:14:26+02
EGAR00001163913,fastq,,EGAN00001188357,EGAX00001159235,EGA00001134549,2014-01-24 02:12:17+01,2021-10-07 16:14:26+02
EGAR00001163914,fastq,,EGAN00001188358,EGAX00001159236,EGA00001134549,2014-01-24 02:12:17+01,2021-10-07 16:14:26+02
EGAR00001163915,fastq,,EGAN00001188359,EGAX00001159237,EGA00001134549,2014-01-24 02:12:17+01,2021-10-07 16:14:26+02
EGAR00001163916,fastq,,EGAN00001188360,EGAX00001159238,EGA00001134549,2014-01-24 02:12:17+01,2021-10-07 16:14:26+02
EGAR00001163917,fastq,,EGAN00001188361,EGAX00001159239,EGA00001134549,2014-01-24 02:12:17+01,2021-10-07 16:14:26+02
EGAR00001163918,fastq,,EGAN00001188362,EGAX00001159240,EGA00001134549,2014-01-24 02:12:18+01,2021-10-07 16:14:26+02
EGAR00001163919,fastq,,EGAN00001188363,EGAX00001159241,EGA00001134549,2014-01-24 02:12:18+01,2021-10-07 16:14:26+02
EGAR00001163920,fastq,,EGAN00001188364,EGAX00001159242,EGA00001134549,2014-01-24 02:12:18+01,2021-10-07 16:14:26+02
EGAR00001163921,fastq,,EGAN00001188365,EGAX00001159243,EGA00001134549,2014-01-24 02:12:19+01,2021-10-07 16:14:26+02
EGAR00001163922,fastq,,EGAN00001188366,EGAX00001159244,EGA00001134549,2014-01-24 02:12:19+01,2021-10-07 16:14:26+02
EGAR00001163923,fastq,,EGAN00001188367,EGAX00001159245,EGA00001134549,2014-01-24 02:12:19+01,2021-10-07 16:14:26+02
EGAR00001163924,fastq,,EGAN00001188368,EGAX00001159246,EGA00001134549,2014-01-24 02:12:19+01,2021-10-07 16:14:26+02
EGAR00001163925,fastq,,EGAN00001188369,EGAX00001159247,EGA00001134549,2014-01-24 02:12:20+01,2021-10-07 16:14:26+02
EGAR00001163926,fastq,,EGAN00001188370,EGAX00001159248,EGA00001134549,2014-01-24 02:12:20+01,2021-10-07 16:14:26+02
EGAR00001163927,fastq,,EGAN00001188371,EGAX00001159249,EGA00001134549,2014-01-24 02:12:20+01,2021-10-07 16:14:26+02
EGAR00001163928,fastq,,EGAN00001188372,EGAX00001159250,EGA00001134549,2014-01-24 02:12:20+01,2021-10-07 16:14:26+02
EGAR00001163929,fastq,,EGAN00001188373,EGAX00001159251,EGA00001134549,2014-01-24 02:12:21+01,2021-10-07 16:14:26+02
EGAR00001163930,fastq,,EGAN00001188374,EGAX00001159252,EGA00001134549,2014-01-24 02:12:21+01,2021-10-07 16:14:26+02
EGAR00001163931,fastq,,EGAN00001188375,EGAX00001159253,EGA00001134549,2014-01-24 02:12:21+01,2021-10-07 16:14:26+02
EGAR00001163932,fastq,,EGAN00001188376,EGAX00001159254,EGA00001134549,2014-01-24 02:12:22+01,2021-10-07 16:14:26+02
EGAR00001163933,fastq,,EGAN00001188377,EGAX00001159255,EGA00001134549,2014-01-24 02:12:22+01,2021-10-07 16:14:26+02
EGAR00001163934,fastq,,EGAN00001188378,EGAX00001159256,EGA00001134549,2014-01-24 02:12:23+01,2021-10-07 16:14:26+02
EGAR00001163935,fastq,,EGAN00001188379,EGAX00001159257,EGA00001134549,2014-01-24 02:12:24+01,2021-10-07 16:14:26+02
EGAR00001163936,fastq,,EGAN00001188380,EGAX00001159258,EGA00001134549,2014-01-24 02:12:24+01,2021-10-07 16:14:26+02
EGAR00001163937,fastq,,EGAN00001188381,EGAX00001159259,EGA00001134549,2014-01-24 02:12:24+01,2021-10-07 16:14:26+02
EGAR00001163938,fastq,,EGAN00001188382,EGAX00001159260,EGA00001134549,2014-01-24 02:12:25+01,2021-10-07 16:14:26+02
EGAR00001163939,fastq,,EGAN00001188383,EGAX00001159261,EGA00001134549,2014-01-24 02:12:25+01,2021-10-07 16:14:26+02
EGAR00001163940,fastq,,EGAN00001188384,EGAX00001159262,EGA00001134549,2014-01-24 02:12:25+01,2021-10-07 16:14:26+02
EGAR00001163941,fastq,,EGAN00001188385,EGAX00001159263,EGA00001134549,2014-01-24 02:12:26+01,2021-10-07 16:14:26+02
EGAR00001163942,fastq,,EGAN00001188386,EGAX00001159264,EGA00001134549,2014-01-24 02:12:26+01,2021-10-07 16:14:26+02
EGAR00001163943,fastq,,EGAN00001188387,EGAX00001159265,EGA00001134549,2014-01-24 02:12:26+01,2021-10-07 16:14:26+02
EGAR00001163944,fastq,,EGAN00001188388,EGAX00001159266,EGA00001134549,2014-01-24 02:12:27+01,2021-10-07 16:14:26+02
EGAR00001163945,fastq,,EGAN00001188389,EGAX00001159267,EGA00001134549,2014-01-24 02:12:27+01,2021-10-07 16:14:26+02
EGAR00001163946,fastq,,EGAN00001188390,EGAX00001159268,EGA00001134549,2014-01-24 02:12:27+01,2021-10-07 16:14:26+02
EGAR00001163947,fastq,,EGAN00001188391,EGAX00001159269,EGA00001134549,2014-01-24 02:12:27+01,2021-10-07 16:14:26+02
EGAR00001163948,fastq,,EGAN00001188392,EGAX00001159270,EGA00001134549,2014-01-24 02:12:27+01,2021-10-07 16:14:26+02
EGAR00001163949,fastq,,EGAN00001188393,EGAX00001159271,EGA00001134549,2014-01-24 02:12:28+01,2021-10-07 16:14:26+02
EGAR00001163950,fastq,,EGAN00001188394,EGAX00001159272,EGA00001134549,2014-01-24 02:12:28+01,2021-10-07 16:14:26+02
EGAR00001163951,fastq,,EGAN00001188395,EGAX00001159273,EGA00001134549,2014-01-24 02:12:28+01,2021-10-07 16:14:26+02
EGAR00001163952,fastq,,EGAN00001188396,EGAX00001159274,EGA00001134549,2014-01-24 02:12:29+01,2021-10-07 16:14:26+02
EGAR00001163953,fastq,,EGAN00001188397,EGAX00001159275,EGA00001134549,2014-01-24 02:12:29+01,2021-10-07 16:14:26+02
EGAR00001163954,fastq,,EGAN00001188398,EGAX00001159276,EGA00001134549,2014-01-24 02:12:30+01,2021-10-07 16:14:26+02
EGAR00001163955,fastq,,EGAN00001188399,EGAX00001159277,EGA00001134549,2014-01-24 02:12:30+01,2021-10-07 16:14:26+02
EGAR00001163956,fastq,,EGAN00001188400,EGAX00001159278,EGA00001134549,2014-01-24 02:12:30+01,2021-10-07 16:14:26+02
EGAR00001163957,fastq,,EGAN00001188401,EGAX00001159279,EGA00001134549,2014-01-24 02:12:31+01,2021-10-07 16:14:26+02
EGAR00001163958,fastq,,EGAN00001188402,EGAX00001159280,EGA00001134549,2014-01-24 02:12:31+01,2021-10-07 16:14:26+02
EGAR00001163959,fastq,,EGAN00001188403,EGAX00001159281,EGA00001134549,2014-01-24 02:12:32+01,2021-10-07 16:14:26+02
EGAR00001163960,fastq,,EGAN00001188404,EGAX00001159282,EGA00001134549,2014-01-24 02:12:32+01,2021-10-07 16:14:26+02
EGAR00001163961,fastq,,EGAN00001188405,EGAX00001159283,EGA00001134549,2014-01-24 02:12:32+01,2021-10-07 16:14:26+02
EGAR00001163962,fastq,,EGAN00001188406,EGAX00001159284,EGA00001134549,2014-01-24 02:12:33+01,2021-10-07 16:14:26+02
EGAR00001163963,fastq,,EGAN00001188407,EGAX00001159285,EGA00001134549,2014-01-24 02:12:33+01,2021-10-07 16:14:26+02
EGAR00001163964,fastq,,EGAN00001188408,EGAX00001159286,EGA00001134549,2014-01-24 02:12:33+01,2021-10-07 16:14:26+02
EGAR00001163965,fastq,,EGAN00001188409,EGAX00001159287,EGA00001134549,2014-01-24 02:12:34+01,2021-10-07 16:14:26+02
EGAR00001163966,fastq,,EGAN00001188410,EGAX00001159288,EGA00001134549,2014-01-24 02:12:34+01,2021-10-07 16:14:26+02
EGAR00001163967,fastq,,EGAN00001188411,EGAX00001159289,EGA00001134549,2014-01-24 02:12:34+01,2021-10-07 16:14:26+02
EGAR00001163968,fastq,,EGAN00001188412,EGAX00001159290,EGA00001134549,2014-01-24 02:12:35+01,2021-10-07 16:14:26+02
EGAR00001163969,fastq,,EGAN00001188413,EGAX00001159291,EGA00001134549,2014-01-24 02:12:35+01,2021-10-07 16:14:26+02
EGAR00001163970,fastq,,EGAN00001188414,EGAX00001159292,EGA00001134549,2014-01-24 02:12:35+01,2021-10-07 16:14:26+02
EGAR00001163971,fastq,,EGAN00001188415,EGAX00001159293,EGA00001134549,2014-01-24 02:12:35+01,2021-10-07 16:14:26+02
EGAR00001163972,fastq,,EGAN00001188416,EGAX00001159294,EGA00001134549,2014-01-24 02:12:36+01,2021-10-07 16:14:26+02
EGAR00001163973,fastq,,EGAN00001188417,EGAX00001159295,EGA00001134549,2014-01-24 02:12:36+01,2021-10-07 16:14:26+02
EGAR00001163974,fastq,,EGAN00001188418,EGAX00001159296,EGA00001134549,2014-01-24 02:12:36+01,2021-10-07 16:14:26+02
EGAR00001163975,fastq,,EGAN00001188419,EGAX00001159297,EGA00001134549,2014-01-24 02:12:37+01,2021-10-07 16:14:26+02
EGAR00001163976,fastq,,EGAN00001188420,EGAX00001159298,EGA00001134549,2014-01-24 02:12:37+01,2021-10-07 16:14:26+02
EGAR00001163977,fastq,,EGAN00001188421,EGAX00001159299,EGA00001134549,2014-01-24 02:12:37+01,2021-10-07 16:14:26+02
EGAR00001163978,fastq,,EGAN00001188422,EGAX00001159300,EGA00001134549,2014-01-24 02:12:37+01,2021-10-07 16:14:26+02
EGAR00001164047,fastq,,EGAN00001187856,EGAX00001159369,EGA00001134587,2014-01-27 23:17:37+01,2021-10-07 16:14:26+02
