sample_accession_id,sample_alias,file_name,file_accession_id
EGAN00001076233,SAM637122,EGA_SAM637122_1_1.gne.fastq.gz,EGAF00001720514
EGAN00001076233,SAM637122,EGA_SAM637122_1_2.gne.fastq.gz,EGAF00001720515
EGAN00001568488,SAM638628,EGA_SAM638628_1_1.gne.fastq.gz,EGAF00001720654
EGAN00001568488,SAM638628,EGA_SAM638628_1_2.gne.fastq.gz,EGAF00001720655
EGAN00001568489,SAM637051,EGA_SAM637051_1_1.gne.fastq.gz,EGAF00001720656
EGAN00001568489,SAM637051,EGA_SAM637051_1_2.gne.fastq.gz,EGAF00001720657
EGAN00001568490,SAM637165,EGA_SAM637165_1_1.gne.fastq.gz,EGAF00001720658
EGAN00001568490,SAM637165,EGA_SAM637165_1_2.gne.fastq.gz,EGAF00001720659
EGAN00001568491,SAM638544,EGA_SAM638544_1_1.gne.fastq.gz,EGAF00001720660
EGAN00001568491,SAM638544,EGA_SAM638544_1_2.gne.fastq.gz,EGAF00001720661
EGAN00001568492,SAM638574,EGA_SAM638574_1_1.gne.fastq.gz,EGAF00001720662
EGAN00001568492,SAM638574,EGA_SAM638574_1_2.gne.fastq.gz,EGAF00001720663
EGAN00001568493,SAM638568,EGA_SAM638568_1_1.gne.fastq.gz,EGAF00001720664
EGAN00001568493,SAM638568,EGA_SAM638568_1_2.gne.fastq.gz,EGAF00001720665
EGAN00001568494,SAM635345,EGA_SAM635345_1_1.gne.fastq.gz,EGAF00001720666
EGAN00001568494,SAM635345,EGA_SAM635345_1_2.gne.fastq.gz,EGAF00001720667
EGAN00001568495,SAM638598,EGA_SAM638598_1_1.gne.fastq.gz,EGAF00001720668
EGAN00001568495,SAM638598,EGA_SAM638598_1_2.gne.fastq.gz,EGAF00001720669
EGAN00001568496,SAM636273,EGA_SAM636273_1_1.gne.fastq.gz,EGAF00001720670
EGAN00001568496,SAM636273,EGA_SAM636273_1_2.gne.fastq.gz,EGAF00001720671
EGAN00001568497,SAM638615,EGA_SAM638615_1_1.gne.fastq.gz,EGAF00001720672
EGAN00001568497,SAM638615,EGA_SAM638615_1_2.gne.fastq.gz,EGAF00001720673
EGAN00001568498,SAM638633,EGA_SAM638633_1_1.gne.fastq.gz,EGAF00001720674
EGAN00001568498,SAM638633,EGA_SAM638633_1_2.gne.fastq.gz,EGAF00001720675
EGAN00001568499,SAM637162,EGA_SAM637162_1_1.gne.fastq.gz,EGAF00001720676
EGAN00001568499,SAM637162,EGA_SAM637162_1_2.gne.fastq.gz,EGAF00001720677
EGAN00001568500,SAM635678,EGA_SAM635678_1_1.gne.fastq.gz,EGAF00001720678
EGAN00001568500,SAM635678,EGA_SAM635678_1_2.gne.fastq.gz,EGAF00001720679
EGAN00001568501,SAM20882203,EGA_SAM20882203_1_1.gne.fastq.gz,EGAF00001720680
EGAN00001568501,SAM20882203,EGA_SAM20882203_1_2.gne.fastq.gz,EGAF00001720681
EGAN00001568502,SAM638701,EGA_SAM638701_1_1.gne.fastq.gz,EGAF00001720682
EGAN00001568502,SAM638701,EGA_SAM638701_1_2.gne.fastq.gz,EGAF00001720683
EGAN00001568503,SAM635338,EGA_SAM635338_1_1.gne.fastq.gz,EGAF00001720684
EGAN00001568503,SAM635338,EGA_SAM635338_1_2.gne.fastq.gz,EGAF00001720685
EGAN00001568504,SAM635705,EGA_SAM635705_1_1.gne.fastq.gz,EGAF00001720686
EGAN00001568504,SAM635705,EGA_SAM635705_1_2.gne.fastq.gz,EGAF00001720687
EGAN00001568505,SAM636284,EGA_SAM636284_1_1.gne.fastq.gz,EGAF00001720688
EGAN00001568505,SAM636284,EGA_SAM636284_1_2.gne.fastq.gz,EGAF00001720689
EGAN00001568506,SAM636253,EGA_SAM636253_1_1.gne.fastq.gz,EGAF00001720690
EGAN00001568506,SAM636253,EGA_SAM636253_1_2.gne.fastq.gz,EGAF00001720691
EGAN00001568507,SAM636320,EGA_SAM636320_1_1.gne.fastq.gz,EGAF00001720692
EGAN00001568507,SAM636320,EGA_SAM636320_1_2.gne.fastq.gz,EGAF00001720693
EGAN00001568508,SAM636275,EGA_SAM636275_1_1.gne.fastq.gz,EGAF00001720694
EGAN00001568508,SAM636275,EGA_SAM636275_1_2.gne.fastq.gz,EGAF00001720695
EGAN00001568509,SAM635662,EGA_SAM635662_1_1.gne.fastq.gz,EGAF00001720696
EGAN00001568509,SAM635662,EGA_SAM635662_1_2.gne.fastq.gz,EGAF00001720697
EGAN00001568510,SAM635673,EGA_SAM635673_1_1.gne.fastq.gz,EGAF00001720698
EGAN00001568510,SAM635673,EGA_SAM635673_1_2.gne.fastq.gz,EGAF00001720699
EGAN00001568511,SAM637172,EGA_SAM637172_1_1.gne.fastq.gz,EGAF00001720700
EGAN00001568511,SAM637172,EGA_SAM637172_1_2.gne.fastq.gz,EGAF00001720701
EGAN00001568512,SAM638687,EGA_SAM638687_1_1.gne.fastq.gz,EGAF00001720702
EGAN00001568512,SAM638687,EGA_SAM638687_1_2.gne.fastq.gz,EGAF00001720703
EGAN00001568513,SAM638548,EGA_SAM638548_1_1.gne.fastq.gz,EGAF00001720704
EGAN00001568513,SAM638548,EGA_SAM638548_1_2.gne.fastq.gz,EGAF00001720705
EGAN00001568514,SAM635679,EGA_SAM635679_1_1.gne.fastq.gz,EGAF00001720706
EGAN00001568514,SAM635679,EGA_SAM635679_1_2.gne.fastq.gz,EGAF00001720707
EGAN00001568515,SAM638635,EGA_SAM638635_1_1.gne.fastq.gz,EGAF00001720708
EGAN00001568515,SAM638635,EGA_SAM638635_1_2.gne.fastq.gz,EGAF00001720709
EGAN00001568516,SAM636334,EGA_SAM636334_1_1.gne.fastq.gz,EGAF00001720710
EGAN00001568516,SAM636334,EGA_SAM636334_1_2.gne.fastq.gz,EGAF00001720711
EGAN00001568517,SAM638674,EGA_SAM638674_1_1.gne.fastq.gz,EGAF00001720712
EGAN00001568517,SAM638674,EGA_SAM638674_1_2.gne.fastq.gz,EGAF00001720713
EGAN00001568518,SAM635710,EGA_SAM635710_1_1.gne.fastq.gz,EGAF00001720714
EGAN00001568518,SAM635710,EGA_SAM635710_1_2.gne.fastq.gz,EGAF00001720715
EGAN00001568519,SAM638713,EGA_SAM638713_1_1.gne.fastq.gz,EGAF00001720716
EGAN00001568519,SAM638713,EGA_SAM638713_1_2.gne.fastq.gz,EGAF00001720717
EGAN00001568520,SAM638597,EGA_SAM638597_1_1.gne.fastq.gz,EGAF00001720718
EGAN00001568520,SAM638597,EGA_SAM638597_1_2.gne.fastq.gz,EGAF00001720719
EGAN00001568521,SAM8979719,EGA_SAM8979719_1_1.gne.fastq.gz,EGAF00001720720
EGAN00001568521,SAM8979719,EGA_SAM8979719_1_2.gne.fastq.gz,EGAF00001720721
EGAN00001568522,SAM638673,EGA_SAM638673_1_1.gne.fastq.gz,EGAF00001720722
EGAN00001568522,SAM638673,EGA_SAM638673_1_2.gne.fastq.gz,EGAF00001720723
EGAN00001568523,SAM637020,EGA_SAM637020_1_1.gne.fastq.gz,EGAF00001720724
EGAN00001568523,SAM637020,EGA_SAM637020_1_2.gne.fastq.gz,EGAF00001720725
EGAN00001568524,SAM636276,EGA_SAM636276_1_1.gne.fastq.gz,EGAF00001720726
EGAN00001568524,SAM636276,EGA_SAM636276_1_2.gne.fastq.gz,EGAF00001720727
EGAN00001568525,SAM636337,EGA_SAM636337_1_1.gne.fastq.gz,EGAF00001720728
EGAN00001568525,SAM636337,EGA_SAM636337_1_2.gne.fastq.gz,EGAF00001720729
EGAN00001568526,SAM636390,EGA_SAM636390_1_1.gne.fastq.gz,EGAF00001720730
EGAN00001568526,SAM636390,EGA_SAM636390_1_2.gne.fastq.gz,EGAF00001720731
EGAN00001568527,SAM638620,EGA_SAM638620_1_1.gne.fastq.gz,EGAF00001720732
EGAN00001568527,SAM638620,EGA_SAM638620_1_2.gne.fastq.gz,EGAF00001720733
EGAN00001568528,SAM635697,EGA_SAM635697_1_1.gne.fastq.gz,EGAF00001720734
EGAN00001568528,SAM635697,EGA_SAM635697_1_2.gne.fastq.gz,EGAF00001720735
EGAN00001568529,SAM8979690,EGA_SAM8979690_1_1.gne.fastq.gz,EGAF00001720736
EGAN00001568529,SAM8979690,EGA_SAM8979690_1_2.gne.fastq.gz,EGAF00001720737
EGAN00001568530,SAM8979686,EGA_SAM8979686_1_1.gne.fastq.gz,EGAF00001720738
EGAN00001568530,SAM8979686,EGA_SAM8979686_1_2.gne.fastq.gz,EGAF00001720739
EGAN00001568531,SAM635722,EGA_SAM635722_1_1.gne.fastq.gz,EGAF00001720740
EGAN00001568531,SAM635722,EGA_SAM635722_1_2.gne.fastq.gz,EGAF00001720741
EGAN00001568532,SAM638565,EGA_SAM638565_1_1.gne.fastq.gz,EGAF00001720742
EGAN00001568532,SAM638565,EGA_SAM638565_1_2.gne.fastq.gz,EGAF00001720743
EGAN00001568533,SAM635347,EGA_SAM635347_1_1.gne.fastq.gz,EGAF00001720744
EGAN00001568533,SAM635347,EGA_SAM635347_1_2.gne.fastq.gz,EGAF00001720745
EGAN00001568534,SAM8979722,EGA_SAM8979722_1_1.gne.fastq.gz,EGAF00001720746
EGAN00001568534,SAM8979722,EGA_SAM8979722_1_2.gne.fastq.gz,EGAF00001720747
EGAN00001568535,SAM638655,EGA_SAM638655_1_1.gne.fastq.gz,EGAF00001720748
EGAN00001568535,SAM638655,EGA_SAM638655_1_2.gne.fastq.gz,EGAF00001720749
EGAN00001568536,SAM638584,EGA_SAM638584_1_1.gne.fastq.gz,EGAF00001720750
EGAN00001568536,SAM638584,EGA_SAM638584_1_2.gne.fastq.gz,EGAF00001720751
EGAN00001568537,SAM638703,EGA_SAM638703_1_1.gne.fastq.gz,EGAF00001720752
EGAN00001568537,SAM638703,EGA_SAM638703_1_2.gne.fastq.gz,EGAF00001720753
EGAN00001568538,SAM635326,EGA_SAM635326_1_1.gne.fastq.gz,EGAF00001720754
EGAN00001568538,SAM635326,EGA_SAM635326_1_2.gne.fastq.gz,EGAF00001720755
EGAN00001568539,SAM636327,EGA_SAM636327_1_1.gne.fastq.gz,EGAF00001720756
EGAN00001568539,SAM636327,EGA_SAM636327_1_2.gne.fastq.gz,EGAF00001720757
EGAN00001568540,SAM636250,EGA_SAM636250_1_1.gne.fastq.gz,EGAF00001720758
EGAN00001568540,SAM636250,EGA_SAM636250_1_2.gne.fastq.gz,EGAF00001720759
EGAN00001568541,SAM638686,EGA_SAM638686_1_1.gne.fastq.gz,EGAF00001720760
EGAN00001568541,SAM638686,EGA_SAM638686_1_2.gne.fastq.gz,EGAF00001720761
EGAN00001568542,SAM638594,EGA_SAM638594_1_1.gne.fastq.gz,EGAF00001720762
EGAN00001568542,SAM638594,EGA_SAM638594_1_2.gne.fastq.gz,EGAF00001720763
EGAN00001568543,SAM635333,EGA_SAM635333_1_1.gne.fastq.gz,EGAF00001720764
EGAN00001568543,SAM635333,EGA_SAM635333_1_2.gne.fastq.gz,EGAF00001720765
EGAN00001568544,SAM638656,EGA_SAM638656_1_1.gne.fastq.gz,EGAF00001720766
EGAN00001568544,SAM638656,EGA_SAM638656_1_2.gne.fastq.gz,EGAF00001720767
EGAN00001568545,SAM635332,EGA_SAM635332_1_1.gne.fastq.gz,EGAF00001720768
EGAN00001568545,SAM635332,EGA_SAM635332_1_2.gne.fastq.gz,EGAF00001720769
EGAN00001568546,SAM638698,EGA_SAM638698_1_1.gne.fastq.gz,EGAF00001720770
EGAN00001568546,SAM638698,EGA_SAM638698_1_2.gne.fastq.gz,EGAF00001720771
EGAN00001568547,SAM635671,EGA_SAM635671_1_1.gne.fastq.gz,EGAF00001720772
EGAN00001568547,SAM635671,EGA_SAM635671_1_2.gne.fastq.gz,EGAF00001720773
EGAN00001568548,SAM638588,EGA_SAM638588_1_1.gne.fastq.gz,EGAF00001720774
EGAN00001568548,SAM638588,EGA_SAM638588_1_2.gne.fastq.gz,EGAF00001720775
EGAN00001568549,SAM637119,EGA_SAM637119_1_1.gne.fastq.gz,EGAF00001720776
EGAN00001568549,SAM637119,EGA_SAM637119_1_2.gne.fastq.gz,EGAF00001720777
EGAN00001568550,SAM638592,EGA_SAM638592_1_1.gne.fastq.gz,EGAF00001720778
EGAN00001568550,SAM638592,EGA_SAM638592_1_2.gne.fastq.gz,EGAF00001720779
EGAN00001568551,SAM8979715,EGA_SAM8979715_1_1.gne.fastq.gz,EGAF00001720780
EGAN00001568551,SAM8979715,EGA_SAM8979715_1_2.gne.fastq.gz,EGAF00001720781
EGAN00001568552,SAM13773940,EGA_SAM13773940_1_1.gne.fastq.gz,EGAF00001720782
EGAN00001568552,SAM13773940,EGA_SAM13773940_1_2.gne.fastq.gz,EGAF00001720783
EGAN00001568553,SAM637068,EGA_SAM637068_1_1.gne.fastq.gz,EGAF00001720784
EGAN00001568553,SAM637068,EGA_SAM637068_1_2.gne.fastq.gz,EGAF00001720785
EGAN00001568554,SAM636364,EGA_SAM636364_1_1.gne.fastq.gz,EGAF00001720786
EGAN00001568554,SAM636364,EGA_SAM636364_1_2.gne.fastq.gz,EGAF00001720787
EGAN00001568555,SAM636248,EGA_SAM636248_1_1.gne.fastq.gz,EGAF00001720788
EGAN00001568555,SAM636248,EGA_SAM636248_1_2.gne.fastq.gz,EGAF00001720789
EGAN00001568556,SAM638609,EGA_SAM638609_1_1.gne.fastq.gz,EGAF00001720790
EGAN00001568556,SAM638609,EGA_SAM638609_1_2.gne.fastq.gz,EGAF00001720791
EGAN00001568557,SAM635346,EGA_SAM635346_1_1.gne.fastq.gz,EGAF00001720792
EGAN00001568557,SAM635346,EGA_SAM635346_1_2.gne.fastq.gz,EGAF00001720793
EGAN00001568558,SAM638613,EGA_SAM638613_1_1.gne.fastq.gz,EGAF00001720794
EGAN00001568558,SAM638613,EGA_SAM638613_1_2.gne.fastq.gz,EGAF00001720795
EGAN00001568559,SAM636277,EGA_SAM636277_1_1.gne.fastq.gz,EGAF00001720796
EGAN00001568559,SAM636277,EGA_SAM636277_1_2.gne.fastq.gz,EGAF00001720797
EGAN00001568560,SAM638587,EGA_SAM638587_1_1.gne.fastq.gz,EGAF00001720798
EGAN00001568560,SAM638587,EGA_SAM638587_1_2.gne.fastq.gz,EGAF00001720799
EGAN00001568561,SAM636279,EGA_SAM636279_1_1.gne.fastq.gz,EGAF00001720800
EGAN00001568561,SAM636279,EGA_SAM636279_1_2.gne.fastq.gz,EGAF00001720801
EGAN00001568562,SAM637079,EGA_SAM637079_1_1.gne.fastq.gz,EGAF00001720802
EGAN00001568562,SAM637079,EGA_SAM637079_1_2.gne.fastq.gz,EGAF00001720803
EGAN00001568563,SAM635672,EGA_SAM635672_1_1.gne.fastq.gz,EGAF00001720804
EGAN00001568563,SAM635672,EGA_SAM635672_1_2.gne.fastq.gz,EGAF00001720805
EGAN00001568564,SAM8979698,EGA_SAM8979698_1_1.gne.fastq.gz,EGAF00001720806
EGAN00001568564,SAM8979698,EGA_SAM8979698_1_2.gne.fastq.gz,EGAF00001720807
EGAN00001568565,SAM638710,EGA_SAM638710_1_1.gne.fastq.gz,EGAF00001720808
EGAN00001568565,SAM638710,EGA_SAM638710_1_2.gne.fastq.gz,EGAF00001720809
EGAN00001568566,SAM635717,EGA_SAM635717_1_1.gne.fastq.gz,EGAF00001720810
EGAN00001568566,SAM635717,EGA_SAM635717_1_2.gne.fastq.gz,EGAF00001720811
EGAN00001568567,SAM638593,EGA_SAM638593_1_1.gne.fastq.gz,EGAF00001720812
EGAN00001568567,SAM638593,EGA_SAM638593_1_2.gne.fastq.gz,EGAF00001720813
EGAN00001568568,SAM638662,EGA_SAM638662_1_1.gne.fastq.gz,EGAF00001720814
EGAN00001568568,SAM638662,EGA_SAM638662_1_2.gne.fastq.gz,EGAF00001720815
EGAN00001568569,SAM8979680,EGA_SAM8979680_1_1.gne.fastq.gz,EGAF00001720816
EGAN00001568569,SAM8979680,EGA_SAM8979680_1_2.gne.fastq.gz,EGAF00001720817
EGAN00001568570,SAM20882294,EGA_SAM20882294_1_1.gne.fastq.gz,EGAF00001720818
EGAN00001568570,SAM20882294,EGA_SAM20882294_1_2.gne.fastq.gz,EGAF00001720819
EGAN00001568571,SAM8979703,EGA_SAM8979703_1_1.gne.fastq.gz,EGAF00001720820
EGAN00001568571,SAM8979703,EGA_SAM8979703_1_2.gne.fastq.gz,EGAF00001720821
EGAN00001568572,SAM636225,EGA_SAM636225_1_1.gne.fastq.gz,EGAF00001720822
EGAN00001568572,SAM636225,EGA_SAM636225_1_2.gne.fastq.gz,EGAF00001720823
EGAN00001568573,SAM638585,EGA_SAM638585_1_1.gne.fastq.gz,EGAF00001720824
EGAN00001568573,SAM638585,EGA_SAM638585_1_2.gne.fastq.gz,EGAF00001720825
EGAN00001568574,SAM637120,EGA_SAM637120_1_1.gne.fastq.gz,EGAF00001720826
EGAN00001568574,SAM637120,EGA_SAM637120_1_2.gne.fastq.gz,EGAF00001720827
EGAN00001568575,SAM20882185,EGA_SAM20882185_1_1.gne.fastq.gz,EGAF00001720828
EGAN00001568575,SAM20882185,EGA_SAM20882185_1_2.gne.fastq.gz,EGAF00001720829
EGAN00001568576,SAM638604,EGA_SAM638604_1_1.gne.fastq.gz,EGAF00001720830
EGAN00001568576,SAM638604,EGA_SAM638604_1_2.gne.fastq.gz,EGAF00001720831
EGAN00001568577,SAM20882192,EGA_SAM20882192_1_1.gne.fastq.gz,EGAF00001720832
EGAN00001568577,SAM20882192,EGA_SAM20882192_1_2.gne.fastq.gz,EGAF00001720833
EGAN00001568578,SAM636377,EGA_SAM636377_1_1.gne.fastq.gz,EGAF00001720834
EGAN00001568578,SAM636377,EGA_SAM636377_1_2.gne.fastq.gz,EGAF00001720835
EGAN00001568579,SAM635715,EGA_SAM635715_1_1.gne.fastq.gz,EGAF00001720484
EGAN00001568579,SAM635715,EGA_SAM635715_1_2.gne.fastq.gz,EGAF00001720485
EGAN00001568580,SAM635676,EGA_SAM635676_1_1.gne.fastq.gz,EGAF00001720486
EGAN00001568580,SAM635676,EGA_SAM635676_1_2.gne.fastq.gz,EGAF00001720487
EGAN00001568581,SAM8979685,EGA_SAM8979685_1_1.gne.fastq.gz,EGAF00001720488
EGAN00001568581,SAM8979685,EGA_SAM8979685_1_2.gne.fastq.gz,EGAF00001720489
EGAN00001568582,SAM638684,EGA_SAM638684_1_1.gne.fastq.gz,EGAF00001720490
EGAN00001568582,SAM638684,EGA_SAM638684_1_2.gne.fastq.gz,EGAF00001720491
EGAN00001568583,SAM8979728,EGA_SAM8979728_1_1.gne.fastq.gz,EGAF00001720492
EGAN00001568583,SAM8979728,EGA_SAM8979728_1_2.gne.fastq.gz,EGAF00001720493
EGAN00001568584,SAM20882266,EGA_SAM20882266_1_1.gne.fastq.gz,EGAF00001720494
EGAN00001568584,SAM20882266,EGA_SAM20882266_1_2.gne.fastq.gz,EGAF00001720495
EGAN00001568585,SAM636379,EGA_SAM636379_1_1.gne.fastq.gz,EGAF00001720496
EGAN00001568585,SAM636379,EGA_SAM636379_1_2.gne.fastq.gz,EGAF00001720497
EGAN00001568586,SAM638612,EGA_SAM638612_1_1.gne.fastq.gz,EGAF00001720498
EGAN00001568586,SAM638612,EGA_SAM638612_1_2.gne.fastq.gz,EGAF00001720499
EGAN00001568587,SAM635670,EGA_SAM635670_1_1.gne.fastq.gz,EGAF00001720500
EGAN00001568587,SAM635670,EGA_SAM635670_1_2.gne.fastq.gz,EGAF00001720501
EGAN00001568588,SAM638546,EGA_SAM638546_1_1.gne.fastq.gz,EGAF00001720502
EGAN00001568588,SAM638546,EGA_SAM638546_1_2.gne.fastq.gz,EGAF00001720503
EGAN00001568589,SAM638566,EGA_SAM638566_1_1.gne.fastq.gz,EGAF00001720504
EGAN00001568589,SAM638566,EGA_SAM638566_1_2.gne.fastq.gz,EGAF00001720505
EGAN00001568590,SAM638677,EGA_SAM638677_1_1.gne.fastq.gz,EGAF00001720506
EGAN00001568590,SAM638677,EGA_SAM638677_1_2.gne.fastq.gz,EGAF00001720507
EGAN00001568591,SAM638539,EGA_SAM638539_1_1.gne.fastq.gz,EGAF00001720508
EGAN00001568591,SAM638539,EGA_SAM638539_1_2.gne.fastq.gz,EGAF00001720509
EGAN00001568592,SAM636222,EGA_SAM636222_1_1.gne.fastq.gz,EGAF00001720510
EGAN00001568592,SAM636222,EGA_SAM636222_1_2.gne.fastq.gz,EGAF00001720511
EGAN00001568593,SAM636274,EGA_SAM636274_1_1.gne.fastq.gz,EGAF00001720512
EGAN00001568593,SAM636274,EGA_SAM636274_1_2.gne.fastq.gz,EGAF00001720513
EGAN00001568594,SAM638716,EGA_SAM638716_1_1.gne.fastq.gz,EGAF00001720516
EGAN00001568594,SAM638716,EGA_SAM638716_1_2.gne.fastq.gz,EGAF00001720517
EGAN00001568595,SAM20882291,EGA_SAM20882291_1_1.gne.fastq.gz,EGAF00001720518
EGAN00001568595,SAM20882291,EGA_SAM20882291_1_2.gne.fastq.gz,EGAF00001720519
EGAN00001568596,SAM636432,EGA_SAM636432_1_1.gne.fastq.gz,EGAF00001720520
EGAN00001568596,SAM636432,EGA_SAM636432_1_2.gne.fastq.gz,EGAF00001720521
EGAN00001568597,SAM636422,EGA_SAM636422_1_1.gne.fastq.gz,EGAF00001720522
EGAN00001568597,SAM636422,EGA_SAM636422_1_2.gne.fastq.gz,EGAF00001720523
EGAN00001568598,SAM638678,EGA_SAM638678_1_1.gne.fastq.gz,EGAF00001720524
EGAN00001568598,SAM638678,EGA_SAM638678_1_2.gne.fastq.gz,EGAF00001720525
EGAN00001568599,SAM637166,EGA_SAM637166_1_1.gne.fastq.gz,EGAF00001720526
EGAN00001568599,SAM637166,EGA_SAM637166_1_2.gne.fastq.gz,EGAF00001720527
EGAN00001568600,SAM638573,EGA_SAM638573_1_1.gne.fastq.gz,EGAF00001720528
EGAN00001568600,SAM638573,EGA_SAM638573_1_2.gne.fastq.gz,EGAF00001720529
EGAN00001568601,SAM20882212,EGA_SAM20882212_1_1.gne.fastq.gz,EGAF00001720530
EGAN00001568601,SAM20882212,EGA_SAM20882212_1_2.gne.fastq.gz,EGAF00001720531
EGAN00001568602,SAM639011,EGA_SAM639011_1_1.gne.fastq.gz,EGAF00001720532
EGAN00001568602,SAM639011,EGA_SAM639011_1_2.gne.fastq.gz,EGAF00001720533
EGAN00001568603,SAM635340,EGA_SAM635340_1_1.gne.fastq.gz,EGAF00001720534
EGAN00001568603,SAM635340,EGA_SAM635340_1_2.gne.fastq.gz,EGAF00001720535
EGAN00001568604,SAM638607,EGA_SAM638607_1_1.gne.fastq.gz,EGAF00001720536
EGAN00001568604,SAM638607,EGA_SAM638607_1_2.gne.fastq.gz,EGAF00001720537
EGAN00001568605,SAM638667,EGA_SAM638667_1_1.gne.fastq.gz,EGAF00001720538
EGAN00001568605,SAM638667,EGA_SAM638667_1_2.gne.fastq.gz,EGAF00001720539
EGAN00001568606,SAM8979581,EGA_SAM8979581_1_1.gne.fastq.gz,EGAF00001720540
EGAN00001568606,SAM8979581,EGA_SAM8979581_1_2.gne.fastq.gz,EGAF00001720541
EGAN00001568607,SAM636381,EGA_SAM636381_1_1.gne.fastq.gz,EGAF00001720542
EGAN00001568607,SAM636381,EGA_SAM636381_1_2.gne.fastq.gz,EGAF00001720543
EGAN00001568608,SAM636330,EGA_SAM636330_1_1.gne.fastq.gz,EGAF00001720544
EGAN00001568608,SAM636330,EGA_SAM636330_1_2.gne.fastq.gz,EGAF00001720545
EGAN00001568609,SAM638660,EGA_SAM638660_1_1.gne.fastq.gz,EGAF00001720546
EGAN00001568609,SAM638660,EGA_SAM638660_1_2.gne.fastq.gz,EGAF00001720547
EGAN00001568610,SAM8979609,EGA_SAM8979609_1_1.gne.fastq.gz,EGAF00001720548
EGAN00001568610,SAM8979609,EGA_SAM8979609_1_2.gne.fastq.gz,EGAF00001720549
EGAN00001568611,SAM636380,EGA_SAM636380_1_1.gne.fastq.gz,EGAF00001720550
EGAN00001568611,SAM636380,EGA_SAM636380_1_2.gne.fastq.gz,EGAF00001720551
EGAN00001568612,SAM635339,EGA_SAM635339_1_1.gne.fastq.gz,EGAF00001720552
EGAN00001568612,SAM635339,EGA_SAM635339_1_2.gne.fastq.gz,EGAF00001720553
EGAN00001568613,SAM636246,EGA_SAM636246_1_1.gne.fastq.gz,EGAF00001720554
EGAN00001568613,SAM636246,EGA_SAM636246_1_2.gne.fastq.gz,EGAF00001720555
EGAN00001568614,SAM636428,EGA_SAM636428_1_1.gne.fastq.gz,EGAF00001720556
EGAN00001568614,SAM636428,EGA_SAM636428_1_2.gne.fastq.gz,EGAF00001720557
EGAN00001568615,SAM636254,EGA_SAM636254_1_1.gne.fastq.gz,EGAF00001720558
EGAN00001568615,SAM636254,EGA_SAM636254_1_2.gne.fastq.gz,EGAF00001720559
EGAN00001568616,SAM638616,EGA_SAM638616_1_1.gne.fastq.gz,EGAF00001720560
EGAN00001568616,SAM638616,EGA_SAM638616_1_2.gne.fastq.gz,EGAF00001720561
EGAN00001568617,SAM638610,EGA_SAM638610_1_1.gne.fastq.gz,EGAF00001720562
EGAN00001568617,SAM638610,EGA_SAM638610_1_2.gne.fastq.gz,EGAF00001720563
EGAN00001568618,SAM638590,EGA_SAM638590_1_1.gne.fastq.gz,EGAF00001720564
EGAN00001568618,SAM638590,EGA_SAM638590_1_2.gne.fastq.gz,EGAF00001720565
EGAN00001568619,SAM638709,EGA_SAM638709_1_1.gne.fastq.gz,EGAF00001720566
EGAN00001568619,SAM638709,EGA_SAM638709_1_2.gne.fastq.gz,EGAF00001720567
EGAN00001568620,SAM638600,EGA_SAM638600_1_1.gne.fastq.gz,EGAF00001720568
EGAN00001568620,SAM638600,EGA_SAM638600_1_2.gne.fastq.gz,EGAF00001720569
EGAN00001568621,SAM8979568,EGA_SAM8979568_1_1.gne.fastq.gz,EGAF00001720570
EGAN00001568621,SAM8979568,EGA_SAM8979568_1_2.gne.fastq.gz,EGAF00001720571
EGAN00001568622,SAM638561,EGA_SAM638561_1_1.gne.fastq.gz,EGAF00001720572
EGAN00001568622,SAM638561,EGA_SAM638561_1_2.gne.fastq.gz,EGAF00001720573
EGAN00001568623,SAM638659,EGA_SAM638659_1_1.gne.fastq.gz,EGAF00001720574
EGAN00001568623,SAM638659,EGA_SAM638659_1_2.gne.fastq.gz,EGAF00001720575
EGAN00001568624,SAM638630,EGA_SAM638630_1_1.gne.fastq.gz,EGAF00001720576
EGAN00001568624,SAM638630,EGA_SAM638630_1_2.gne.fastq.gz,EGAF00001720577
EGAN00001568625,SAM638618,EGA_SAM638618_1_1.gne.fastq.gz,EGAF00001720578
EGAN00001568625,SAM638618,EGA_SAM638618_1_2.gne.fastq.gz,EGAF00001720579
EGAN00001568626,SAM8979693,EGA_SAM8979693_1_1.gne.fastq.gz,EGAF00001720580
EGAN00001568626,SAM8979693,EGA_SAM8979693_1_2.gne.fastq.gz,EGAF00001720581
EGAN00001568627,SAM638652,EGA_SAM638652_1_1.gne.fastq.gz,EGAF00001720582
EGAN00001568627,SAM638652,EGA_SAM638652_1_2.gne.fastq.gz,EGAF00001720583
EGAN00001568628,SAM635329,EGA_SAM635329_1_1.gne.fastq.gz,EGAF00001720584
EGAN00001568628,SAM635329,EGA_SAM635329_1_2.gne.fastq.gz,EGAF00001720585
EGAN00001568629,SAM635682,EGA_SAM635682_1_1.gne.fastq.gz,EGAF00001720586
EGAN00001568629,SAM635682,EGA_SAM635682_1_2.gne.fastq.gz,EGAF00001720587
EGAN00001568630,SAM20882228,EGA_SAM20882228_1_1.gne.fastq.gz,EGAF00001720588
EGAN00001568630,SAM20882228,EGA_SAM20882228_1_2.gne.fastq.gz,EGAF00001720589
EGAN00001568631,SAM637118,EGA_SAM637118_1_1.gne.fastq.gz,EGAF00001720590
EGAN00001568631,SAM637118,EGA_SAM637118_1_2.gne.fastq.gz,EGAF00001720591
EGAN00001568632,SAM8979687,EGA_SAM8979687_1_1.gne.fastq.gz,EGAF00001720592
EGAN00001568632,SAM8979687,EGA_SAM8979687_1_2.gne.fastq.gz,EGAF00001720593
EGAN00001568633,SAM636411,EGA_SAM636411_1_1.gne.fastq.gz,EGAF00001720594
EGAN00001568633,SAM636411,EGA_SAM636411_1_2.gne.fastq.gz,EGAF00001720595
EGAN00001568634,SAM636227,EGA_SAM636227_1_1.gne.fastq.gz,EGAF00001720596
EGAN00001568634,SAM636227,EGA_SAM636227_1_2.gne.fastq.gz,EGAF00001720597
EGAN00001568635,SAM636228,EGA_SAM636228_1_1.gne.fastq.gz,EGAF00001720598
EGAN00001568635,SAM636228,EGA_SAM636228_1_2.gne.fastq.gz,EGAF00001720599
EGAN00001568636,SAM636361,EGA_SAM636361_1_1.gne.fastq.gz,EGAF00001720600
EGAN00001568636,SAM636361,EGA_SAM636361_1_2.gne.fastq.gz,EGAF00001720601
EGAN00001568637,SAM637040,EGA_SAM637040_1_1.gne.fastq.gz,EGAF00001720602
EGAN00001568637,SAM637040,EGA_SAM637040_1_2.gne.fastq.gz,EGAF00001720603
EGAN00001568638,SAM636332,EGA_SAM636332_1_1.gne.fastq.gz,EGAF00001720604
EGAN00001568638,SAM636332,EGA_SAM636332_1_2.gne.fastq.gz,EGAF00001720605
EGAN00001568639,SAM8979689,EGA_SAM8979689_1_1.gne.fastq.gz,EGAF00001720606
EGAN00001568639,SAM8979689,EGA_SAM8979689_1_2.gne.fastq.gz,EGAF00001720607
EGAN00001568640,SAM8979668,EGA_SAM8979668_1_1.gne.fastq.gz,EGAF00001720608
EGAN00001568640,SAM8979668,EGA_SAM8979668_1_2.gne.fastq.gz,EGAF00001720609
EGAN00001568641,SAM637016,EGA_SAM637016_1_1.gne.fastq.gz,EGAF00001720610
EGAN00001568641,SAM637016,EGA_SAM637016_1_2.gne.fastq.gz,EGAF00001720611
EGAN00001568642,SAM8979726,EGA_SAM8979726_1_1.gne.fastq.gz,EGAF00001720612
EGAN00001568642,SAM8979726,EGA_SAM8979726_1_2.gne.fastq.gz,EGAF00001720613
EGAN00001568643,SAM635318,EGA_SAM635318_1_1.gne.fastq.gz,EGAF00001720614
EGAN00001568643,SAM635318,EGA_SAM635318_1_2.gne.fastq.gz,EGAF00001720615
EGAN00001568644,SAM638553,EGA_SAM638553_1_1.gne.fastq.gz,EGAF00001720616
EGAN00001568644,SAM638553,EGA_SAM638553_1_2.gne.fastq.gz,EGAF00001720617
EGAN00001568645,SAM638672,EGA_SAM638672_1_1.gne.fastq.gz,EGAF00001720618
EGAN00001568645,SAM638672,EGA_SAM638672_1_2.gne.fastq.gz,EGAF00001720619
EGAN00001568646,SAM636419,EGA_SAM636419_1_1.gne.fastq.gz,EGAF00001720620
EGAN00001568646,SAM636419,EGA_SAM636419_1_2.gne.fastq.gz,EGAF00001720621
EGAN00001568647,SAM638583,EGA_SAM638583_1_1.gne.fastq.gz,EGAF00001720622
EGAN00001568647,SAM638583,EGA_SAM638583_1_2.gne.fastq.gz,EGAF00001720623
EGAN00001568648,SAM635694,EGA_SAM635694_1_1.gne.fastq.gz,EGAF00001720624
EGAN00001568648,SAM635694,EGA_SAM635694_1_2.gne.fastq.gz,EGAF00001720625
EGAN00001568649,SAM637043,EGA_SAM637043_1_1.gne.fastq.gz,EGAF00001720626
EGAN00001568649,SAM637043,EGA_SAM637043_1_2.gne.fastq.gz,EGAF00001720627
EGAN00001568650,SAM636421,EGA_SAM636421_1_1.gne.fastq.gz,EGAF00001720628
EGAN00001568650,SAM636421,EGA_SAM636421_1_2.gne.fastq.gz,EGAF00001720629
EGAN00001568651,SAM20882150,EGA_SAM20882150_1_1.gne.fastq.gz,EGAF00001720630
EGAN00001568651,SAM20882150,EGA_SAM20882150_1_2.gne.fastq.gz,EGAF00001720631
EGAN00001568652,SAM638651,EGA_SAM638651_1_1.gne.fastq.gz,EGAF00001720632
EGAN00001568652,SAM638651,EGA_SAM638651_1_2.gne.fastq.gz,EGAF00001720633
EGAN00001568653,SAM638695,EGA_SAM638695_1_1.gne.fastq.gz,EGAF00001720634
EGAN00001568653,SAM638695,EGA_SAM638695_1_2.gne.fastq.gz,EGAF00001720635
EGAN00001568654,SAM20882303,EGA_SAM20882303_1_1.gne.fastq.gz,EGAF00001720636
EGAN00001568654,SAM20882303,EGA_SAM20882303_1_2.gne.fastq.gz,EGAF00001720637
EGAN00001568655,SAM637141,EGA_SAM637141_1_1.gne.fastq.gz,EGAF00001720638
EGAN00001568655,SAM637141,EGA_SAM637141_1_2.gne.fastq.gz,EGAF00001720639
EGAN00001568656,SAM635711,EGA_SAM635711_1_1.gne.fastq.gz,EGAF00001720640
EGAN00001568656,SAM635711,EGA_SAM635711_1_2.gne.fastq.gz,EGAF00001720641
EGAN00001568657,SAM635713,EGA_SAM635713_1_1.gne.fastq.gz,EGAF00001720642
EGAN00001568657,SAM635713,EGA_SAM635713_1_2.gne.fastq.gz,EGAF00001720643
EGAN00001568658,SAM635714,EGA_SAM635714_1_1.gne.fastq.gz,EGAF00001720644
EGAN00001568658,SAM635714,EGA_SAM635714_1_2.gne.fastq.gz,EGAF00001720645
EGAN00001568659,SAM638685,EGA_SAM638685_1_1.gne.fastq.gz,EGAF00001720646
EGAN00001568659,SAM638685,EGA_SAM638685_1_2.gne.fastq.gz,EGAF00001720647
EGAN00001568660,SAM636384,636384_1_1.exome.fastq.gz,EGAF00000604948
EGAN00001568660,SAM636384,636384_1_2.exome.fastq.gz,EGAF00000604949
EGAN00001568660,SAM636384,EGA_SAM636384_1_1.gne.fastq.gz,EGAF00001720648
EGAN00001568660,SAM636384,EGA_SAM636384_1_2.gne.fastq.gz,EGAF00001720649
EGAN00001568661,SAM635718,EGA_SAM635718_1_1.gne.fastq.gz,EGAF00001720650
EGAN00001568661,SAM635718,EGA_SAM635718_1_2.gne.fastq.gz,EGAF00001720651
EGAN00001568662,SAM637018,EGA_SAM637018_1_1.gne.fastq.gz,EGAF00001720652
EGAN00001568662,SAM637018,EGA_SAM637018_1_2.gne.fastq.gz,EGAF00001720653
